SKU;model;brand;product;description;long_description;width;width_unit;depth;depth_unit;height;height_unit;weight;weight_unit;price;sale_price;currency;stock;stock_status;category;tags;EAN;tax_class;shipping_class;product_type;parent_SKU;attribute_1_name;attribute_1_value;attribute_2_name;attribute_2_value;attribute_3_name;attribute_3_value;attribute_4_name;attribute_4_value;attribute_5_name;attribute_5_value;attribute_6_name;attribute_6_value;status;video_url;image;image_2;image_3;datasheet_url;manual_url;technicalmanual_url;drawing_url;catalogue_url;photo_url;card_url;brandcatalogue_url;price_url
ASTROLAB_2_MB_TC;ASTROLAB_2_MB_TC;FIAMMA;Coffee Espresso Machine;Multiboiler espresso machine with 2 groups, delivering top thermal stability and elegant design without pressure profiling.;Optional: Small cups (low groups)(free of charge), 360º knobs (charged). Customisation (charged):front frame, front panel work surface, back frame, back panel, side panels, steam top lever knobs, steam knob frame, portafilter handle top, group cover, cup warmer rim, back feet covers, front feet. ;820;mm;630;mm;510;mm;73;Kg;9995;;EUR;;instock;bar>coffee;bar, espresso, coffee;;;;simple;;Boiler technology;Multi boiler;Extraction;Built in rotary pump;Steam boiler capacity (liters);10.5;;;;;;;active;https://raw.githubusercontent.com/cooknation/fiamma/refs/heads/main/fiamma_video_ASTROLAB_2_MB_TC.mp4;https://raw.githubusercontent.com/cooknation/fiamma/refs/heads/main/fiamma_image_ASTROLAB_2_MB_TC.jpg;https://raw.githubusercontent.com/cooknation/fiamma/refs/heads/main/fiamma_image_2_ASTROLAB_2_MB_TC.jpg;https://raw.githubusercontent.com/cooknation/fiamma/refs/heads/main/fiamma_image_3_ASTROLAB_2_MB_TC.jpg;https://raw.githubusercontent.com/cooknation/fiamma/refs/heads/main/fiamma_datasheet_ASTROLAB_2_MB_TC.pdf;https://raw.githubusercontent.com/cooknation/fiamma/refs/heads/main/fiamma_manual_ASTROLAB_2_MB_TC.pdf;https://raw.githubusercontent.com/cooknation/fiamma/refs/heads/main/fiamma_technicalmanual_ASTROLAB_2_MB_TC.pdf;https://raw.githubusercontent.com/cooknation/fiamma/refs/heads/main/fiamma_drawing_ASTROLAB_2_MB_TC.pdf;https://raw.githubusercontent.com/cooknation/fiamma/refs/heads/main/fiamma_catalogue_ASTROLAB_2_MB_TC.pdf;https://raw.githubusercontent.com/cooknation/fiamma/refs/heads/main/fiamma_photo_ASTROLAB_2_MB_TC.jpg;https://raw.githubusercontent.com/cooknation/fiamma/refs/heads/main/fiamma_card_ASTROLAB_2_MB_TC.pdf;https://raw.githubusercontent.com/cooknation/fiamma/refs/heads/main/fiamma_brandcatalogue.pdf;https://raw.githubusercontent.com/cooknation/fiamma/refs/heads/main/fiamma_price.pdf
ASTROLAB_2_PP_TC;ASTROLAB_2_PP_TC;FIAMMA;Coffee Espresso Machine;Multiboiler espresso machine with pressure profiling and dual group heads, advanced extraction control via e-lever and touchscreen.;Optional: Small cups (low groups)(free of charge), 360º knobs (charged). Customisation (charged):front frame, front panel work surface, back frame, back panel, side panels, steam top lever knobs, steam knob frame, e-levers, portafilter handle top, group cover, cup warmer rim, back feet covers, front feet. ;820;mm;630;mm;545;mm;76;Kg;14400;;EUR;;instock;bar>coffee;bar, espresso, coffee;;;;simple;;Boiler technology;Multi boiler;Extraction;Variable pressure independent pump;Steam boiler capacity (liters);10.5;;;;;;;active;https://raw.githubusercontent.com/cooknation/fiamma/refs/heads/main/fiamma_video_ASTROLAB_2_PP_TC.mp4;https://raw.githubusercontent.com/cooknation/fiamma/refs/heads/main/fiamma_image_ASTROLAB_2_PP_TC.jpg;https://raw.githubusercontent.com/cooknation/fiamma/refs/heads/main/fiamma_image_2_ASTROLAB_2_PP_TC.jpg;https://raw.githubusercontent.com/cooknation/fiamma/refs/heads/main/fiamma_image_3_ASTROLAB_2_PP_TC.jpg;https://raw.githubusercontent.com/cooknation/fiamma/refs/heads/main/fiamma_datasheet_ASTROLAB_2_PP_TC.pdf;https://raw.githubusercontent.com/cooknation/fiamma/refs/heads/main/fiamma_manual_ASTROLAB_2_PP_TC.pdf;https://raw.githubusercontent.com/cooknation/fiamma/refs/heads/main/fiamma_technicalmanual_ASTROLAB_2_PP_TC.pdf;https://raw.githubusercontent.com/cooknation/fiamma/refs/heads/main/fiamma_drawing_ASTROLAB_2_PP_TC.pdf;https://raw.githubusercontent.com/cooknation/fiamma/refs/heads/main/fiamma_catalogue_ASTROLAB_2_PP_TC.pdf;https://raw.githubusercontent.com/cooknation/fiamma/refs/heads/main/fiamma_photo_ASTROLAB_2_PP_TC.jpg;https://raw.githubusercontent.com/cooknation/fiamma/refs/heads/main/fiamma_card_ASTROLAB_2_PP_TC.pdf;https://raw.githubusercontent.com/cooknation/fiamma/refs/heads/main/fiamma_brandcatalogue.pdf;https://raw.githubusercontent.com/cooknation/fiamma/refs/heads/main/fiamma_price.pdf
ASTROLAB_3_MB_TC;ASTROLAB_3_MB_TC;FIAMMA;Coffee Espresso Machine;Three-group multiboiler espresso machine without pressure profiling, optimized for volume with stable performance.;Optional: Small cups (low groups)(free of charge), 360º knobs (charged). Customisation (charged):front frame, front panel work surface, back frame, back panel, side panels, steam top lever knobs, steam knob frame, portafilter handle top, group cover, cup warmer rim, back feet covers, front feet. ;1050;mm;630;mm;510;mm;88;Kg;12050;;EUR;;instock;bar>coffee;bar, espresso, coffee;;;;simple;;Boiler technology;Multi boiler;Extraction;Built in rotary pump;Steam boiler capacity (liters);11;;;;;;;active;https://raw.githubusercontent.com/cooknation/fiamma/refs/heads/main/fiamma_video_ASTROLAB_3_MB_TC.mp4;https://raw.githubusercontent.com/cooknation/fiamma/refs/heads/main/fiamma_image_ASTROLAB_3_MB_TC.jpg;https://raw.githubusercontent.com/cooknation/fiamma/refs/heads/main/fiamma_image_2_ASTROLAB_3_MB_TC.jpg;https://raw.githubusercontent.com/cooknation/fiamma/refs/heads/main/fiamma_image_3_ASTROLAB_3_MB_TC.jpg;https://raw.githubusercontent.com/cooknation/fiamma/refs/heads/main/fiamma_datasheet_ASTROLAB_3_MB_TC.pdf;https://raw.githubusercontent.com/cooknation/fiamma/refs/heads/main/fiamma_manual_ASTROLAB_3_MB_TC.pdf;https://raw.githubusercontent.com/cooknation/fiamma/refs/heads/main/fiamma_technicalmanual_ASTROLAB_3_MB_TC.pdf;https://raw.githubusercontent.com/cooknation/fiamma/refs/heads/main/fiamma_drawing_ASTROLAB_3_MB_TC.pdf;https://raw.githubusercontent.com/cooknation/fiamma/refs/heads/main/fiamma_catalogue_ASTROLAB_3_MB_TC.pdf;https://raw.githubusercontent.com/cooknation/fiamma/refs/heads/main/fiamma_photo_ASTROLAB_3_MB_TC.jpg;https://raw.githubusercontent.com/cooknation/fiamma/refs/heads/main/fiamma_card_ASTROLAB_3_MB_TC.pdf;https://raw.githubusercontent.com/cooknation/fiamma/refs/heads/main/fiamma_brandcatalogue.pdf;https://raw.githubusercontent.com/cooknation/fiamma/refs/heads/main/fiamma_price.pdf
ASTROLAB_3_PP_TC;ASTROLAB_3_PP_TC;FIAMMA;Coffee Espresso Machine;Three-group multiboiler espresso machine with pressure profiling and touchscreen control, designed for precision baristas.;Optional: Small cups (low groups)(free of charge), 360º knobs (charged). Customisation (charged):front frame, front panel work surface, back frame, back panel, side panels, steam top lever knobs, steam knob frame, e-levers, portafilter handle top, group cover, cup warmer rim, back feet covers, front feet. ;1050;mm;630;mm;545;mm;92;Kg;17550;;EUR;;instock;bar>coffee;bar, espresso, coffee;;;;simple;;Boiler technology;Multi boiler;Extraction;Variable pressure independent pump;Steam boiler capacity (liters);12;;;;;;;active;https://raw.githubusercontent.com/cooknation/fiamma/refs/heads/main/fiamma_video_ASTROLAB_3_PP_TC.mp4;https://raw.githubusercontent.com/cooknation/fiamma/refs/heads/main/fiamma_image_ASTROLAB_3_PP_TC.jpg;https://raw.githubusercontent.com/cooknation/fiamma/refs/heads/main/fiamma_image_2_ASTROLAB_3_PP_TC.jpg;https://raw.githubusercontent.com/cooknation/fiamma/refs/heads/main/fiamma_image_3_ASTROLAB_3_PP_TC.jpg;https://raw.githubusercontent.com/cooknation/fiamma/refs/heads/main/fiamma_datasheet_ASTROLAB_3_PP_TC.pdf;https://raw.githubusercontent.com/cooknation/fiamma/refs/heads/main/fiamma_manual_ASTROLAB_3_PP_TC.pdf;https://raw.githubusercontent.com/cooknation/fiamma/refs/heads/main/fiamma_technicalmanual_ASTROLAB_3_PP_TC.pdf;https://raw.githubusercontent.com/cooknation/fiamma/refs/heads/main/fiamma_drawing_ASTROLAB_3_PP_TC.pdf;https://raw.githubusercontent.com/cooknation/fiamma/refs/heads/main/fiamma_catalogue_ASTROLAB_3_PP_TC.pdf;https://raw.githubusercontent.com/cooknation/fiamma/refs/heads/main/fiamma_photo_ASTROLAB_3_PP_TC.jpg;https://raw.githubusercontent.com/cooknation/fiamma/refs/heads/main/fiamma_card_ASTROLAB_3_PP_TC.pdf;https://raw.githubusercontent.com/cooknation/fiamma/refs/heads/main/fiamma_brandcatalogue.pdf;https://raw.githubusercontent.com/cooknation/fiamma/refs/heads/main/fiamma_price.pdf
CARAVEL_1_CV_TC_black;CARAVEL_1_CV_TC_black;FIAMMA;Coffee Espresso Machine;Compact single-boiler espresso machine with electronic portioning, designed for efficiency and style.;Optional: Small cups ( low groups)( free of charge), cool touch touch steam wands, LED for work area, 110V (charged). Customisation (charged): full stainless steel body, colours. ;475;mm;563;mm;530;mm;45;Kg;2565;;EUR;;instock;bar>coffee;bar, espresso, coffee;;;;simple;;Boiler technology;Single boiler with heat exchanger;Extraction;;Steam boiler capacity (liters);5;;;;;;;active;https://raw.githubusercontent.com/cooknation/fiamma/refs/heads/main/fiamma_video_CARAVEL_1_CV_TC.mp4;https://raw.githubusercontent.com/cooknation/fiamma/refs/heads/main/fiamma_image_CARAVEL_1_CV_TC_black.jpg;https://raw.githubusercontent.com/cooknation/fiamma/refs/heads/main/fiamma_image_2_CARAVEL_1_CV_TC_black.jpg;https://raw.githubusercontent.com/cooknation/fiamma/refs/heads/main/fiamma_image_3_CARAVEL_1_CV_TC_black.jpg;https://raw.githubusercontent.com/cooknation/fiamma/refs/heads/main/fiamma_datasheet_CARAVEL_1_CV_TC.pdf;https://raw.githubusercontent.com/cooknation/fiamma/refs/heads/main/fiamma_manual_CARAVEL_1_CV_TC.pdf;https://raw.githubusercontent.com/cooknation/fiamma/refs/heads/main/fiamma_technicalmanual_CARAVEL_1_CV_TC.pdf;https://raw.githubusercontent.com/cooknation/fiamma/refs/heads/main/fiamma_drawing_CARAVEL_1_CV_TC.pdf;https://raw.githubusercontent.com/cooknation/fiamma/refs/heads/main/fiamma_catalogue_CARAVEL_1_CV_TC.pdf;https://raw.githubusercontent.com/cooknation/fiamma/refs/heads/main/fiamma_photo_CARAVEL_1_CV_TC.jpg;https://raw.githubusercontent.com/cooknation/fiamma/refs/heads/main/fiamma_card_CARAVEL_1_CV_TC.pdf;https://raw.githubusercontent.com/cooknation/fiamma/refs/heads/main/fiamma_brandcatalogue.pdf;https://raw.githubusercontent.com/cooknation/fiamma/refs/heads/main/fiamma_price.pdf
CARAVEL_1_CV_TC_white;CARAVEL_1_CV_TC_white;FIAMMA;Coffee Espresso Machine;Compact single-boiler espresso machine with electronic portioning, designed for efficiency and style.;Optional: Small cups ( low groups)( free of charge), cool touch touch steam wands, LED for work area, 110V (charged). Customisation (charged): full stainless steel body, colours. ;475;mm;563;mm;530;mm;45;Kg;2565;;EUR;;instock;bar>coffee;bar, espresso, coffee;;;;simple;;Boiler technology;Single boiler with heat exchanger;Extraction;;Steam boiler capacity (liters);5;;;;;;;active;https://raw.githubusercontent.com/cooknation/fiamma/refs/heads/main/fiamma_video_CARAVEL_1_CV_TC.mp4;https://raw.githubusercontent.com/cooknation/fiamma/refs/heads/main/fiamma_image_CARAVEL_1_CV_TC_white.jpg;https://raw.githubusercontent.com/cooknation/fiamma/refs/heads/main/fiamma_image_2_CARAVEL_1_CV_TC_white.jpg;https://raw.githubusercontent.com/cooknation/fiamma/refs/heads/main/fiamma_image_3_CARAVEL_1_CV_TC_white.jpg;https://raw.githubusercontent.com/cooknation/fiamma/refs/heads/main/fiamma_datasheet_CARAVEL_1_CV_TC.pdf;https://raw.githubusercontent.com/cooknation/fiamma/refs/heads/main/fiamma_manual_CARAVEL_1_CV_TC.pdf;https://raw.githubusercontent.com/cooknation/fiamma/refs/heads/main/fiamma_technicalmanual_CARAVEL_1_CV_TC.pdf;https://raw.githubusercontent.com/cooknation/fiamma/refs/heads/main/fiamma_drawing_CARAVEL_1_CV_TC.pdf;https://raw.githubusercontent.com/cooknation/fiamma/refs/heads/main/fiamma_catalogue_CARAVEL_1_CV_TC.pdf;https://raw.githubusercontent.com/cooknation/fiamma/refs/heads/main/fiamma_photo_CARAVEL_1_CV_TC.jpg;https://raw.githubusercontent.com/cooknation/fiamma/refs/heads/main/fiamma_card_CARAVEL_1_CV_TC.pdf;https://raw.githubusercontent.com/cooknation/fiamma/refs/heads/main/fiamma_brandcatalogue.pdf;https://raw.githubusercontent.com/cooknation/fiamma/refs/heads/main/fiamma_price.pdf
CARAVEL_1_TC_black;CARAVEL_1_TC_black;FIAMMA;Coffee Espresso Machine;Semi-automatic single-boiler espresso machine, compact and powerful for small spaces.;Optional: Small cups ( low groups)( free of charge), cool touch touch steam wands, LED for work area, 110V (charged). Customisation (charged): full stainless steel body, colours. ;475;mm;563;mm;530;mm;45;Kg;2380;;EUR;;instock;bar>coffee;bar, espresso, coffee;;;;simple;;Boiler technology;Single boiler with heat exchanger;Extraction;;Steam boiler capacity (liters);5;;;;;;;active;https://raw.githubusercontent.com/cooknation/fiamma/refs/heads/main/fiamma_video_CARAVEL_1_TC.mp4;https://raw.githubusercontent.com/cooknation/fiamma/refs/heads/main/fiamma_image_CARAVEL_1_TC_black.jpg;https://raw.githubusercontent.com/cooknation/fiamma/refs/heads/main/fiamma_image_2_CARAVEL_1_TC_black.jpg;https://raw.githubusercontent.com/cooknation/fiamma/refs/heads/main/fiamma_image_3_CARAVEL_1_TC_black.jpg;https://raw.githubusercontent.com/cooknation/fiamma/refs/heads/main/fiamma_datasheet_CARAVEL_1_TC.pdf;https://raw.githubusercontent.com/cooknation/fiamma/refs/heads/main/fiamma_manual_CARAVEL_1_TC.pdf;https://raw.githubusercontent.com/cooknation/fiamma/refs/heads/main/fiamma_technicalmanual_CARAVEL_1_TC.pdf;https://raw.githubusercontent.com/cooknation/fiamma/refs/heads/main/fiamma_drawing_CARAVEL_1_TC.pdf;https://raw.githubusercontent.com/cooknation/fiamma/refs/heads/main/fiamma_catalogue_CARAVEL_1_TC.pdf;https://raw.githubusercontent.com/cooknation/fiamma/refs/heads/main/fiamma_photo_CARAVEL_1_TC.jpg;https://raw.githubusercontent.com/cooknation/fiamma/refs/heads/main/fiamma_card_CARAVEL_1_TC.pdf;https://raw.githubusercontent.com/cooknation/fiamma/refs/heads/main/fiamma_brandcatalogue.pdf;https://raw.githubusercontent.com/cooknation/fiamma/refs/heads/main/fiamma_price.pdf
CARAVEL_1_TC_white;CARAVEL_1_TC_white;FIAMMA;Coffee Espresso Machine;Semi-automatic single-boiler espresso machine, compact and powerful for small spaces.;Optional: Small cups ( low groups)( free of charge), cool touch touch steam wands, LED for work area, 110V (charged). Customisation (charged): full stainless steel body, colours. ;475;mm;563;mm;530;mm;45;Kg;2380;;EUR;;instock;bar>coffee;bar, espresso, coffee;;;;simple;;Boiler technology;Single boiler with heat exchanger;Extraction;;Steam boiler capacity (liters);5;;;;;;;active;https://raw.githubusercontent.com/cooknation/fiamma/refs/heads/main/fiamma_video_CARAVEL_1_TC.mp4;https://raw.githubusercontent.com/cooknation/fiamma/refs/heads/main/fiamma_image_CARAVEL_1_TC_white.jpg;https://raw.githubusercontent.com/cooknation/fiamma/refs/heads/main/fiamma_image_2_CARAVEL_1_TC_white.jpg;https://raw.githubusercontent.com/cooknation/fiamma/refs/heads/main/fiamma_image_3_CARAVEL_1_TC_white.jpg;https://raw.githubusercontent.com/cooknation/fiamma/refs/heads/main/fiamma_datasheet_CARAVEL_1_TC.pdf;https://raw.githubusercontent.com/cooknation/fiamma/refs/heads/main/fiamma_manual_CARAVEL_1_TC.pdf;https://raw.githubusercontent.com/cooknation/fiamma/refs/heads/main/fiamma_technicalmanual_CARAVEL_1_TC.pdf;https://raw.githubusercontent.com/cooknation/fiamma/refs/heads/main/fiamma_drawing_CARAVEL_1_TC.pdf;https://raw.githubusercontent.com/cooknation/fiamma/refs/heads/main/fiamma_catalogue_CARAVEL_1_TC.pdf;https://raw.githubusercontent.com/cooknation/fiamma/refs/heads/main/fiamma_photo_CARAVEL_1_TC.jpg;https://raw.githubusercontent.com/cooknation/fiamma/refs/heads/main/fiamma_card_CARAVEL_1_TC.pdf;https://raw.githubusercontent.com/cooknation/fiamma/refs/heads/main/fiamma_brandcatalogue.pdf;https://raw.githubusercontent.com/cooknation/fiamma/refs/heads/main/fiamma_price.pdf
CARAVEL_2_COMPACT_TC_black;CARAVEL_2_COMPACT_TC_black;FIAMMA;Coffee Espresso Machine;Two-group compact espresso machine, semi-automatic with heat exchanger for high output in small footprint.;Optional: Small cups ( low groups) ( free of charge), cool touch touch steam wands, LED for work area, extra manometer, 110V (charged). Customisation (charged): full stainless steel body, colours. ;475;mm;563;mm;530;mm;52,5;Kg;2755;;EUR;;instock;bar>coffee;bar, espresso, coffee;;;;simple;;Boiler technology;Single boiler with heat exchanger;Extraction;;Steam boiler capacity (liters);6.5;;;;;;;active;https://raw.githubusercontent.com/cooknation/fiamma/refs/heads/main/fiamma_video_CARAVEL_2_COMPACT_TC.mp4;https://raw.githubusercontent.com/cooknation/fiamma/refs/heads/main/fiamma_image_CARAVEL_2_COMPACT_TC_black.jpg;https://raw.githubusercontent.com/cooknation/fiamma/refs/heads/main/fiamma_image_2_CARAVEL_2_COMPACT_TC_black.jpg;https://raw.githubusercontent.com/cooknation/fiamma/refs/heads/main/fiamma_image_3_CARAVEL_2_COMPACT_TC_black.jpg;https://raw.githubusercontent.com/cooknation/fiamma/refs/heads/main/fiamma_datasheet_CARAVEL_2_COMPACT_TC.pdf;https://raw.githubusercontent.com/cooknation/fiamma/refs/heads/main/fiamma_manual_CARAVEL_2_COMPACT_TC.pdf;https://raw.githubusercontent.com/cooknation/fiamma/refs/heads/main/fiamma_technicalmanual_CARAVEL_2_COMPACT_TC.pdf;https://raw.githubusercontent.com/cooknation/fiamma/refs/heads/main/fiamma_drawing_CARAVEL_2_COMPACT_TC.pdf;https://raw.githubusercontent.com/cooknation/fiamma/refs/heads/main/fiamma_catalogue_CARAVEL_2_COMPACT_TC.pdf;https://raw.githubusercontent.com/cooknation/fiamma/refs/heads/main/fiamma_photo_CARAVEL_2_COMPACT_TC.jpg;https://raw.githubusercontent.com/cooknation/fiamma/refs/heads/main/fiamma_card_CARAVEL_2_COMPACT_TC.pdf;https://raw.githubusercontent.com/cooknation/fiamma/refs/heads/main/fiamma_brandcatalogue.pdf;https://raw.githubusercontent.com/cooknation/fiamma/refs/heads/main/fiamma_price.pdf
CARAVEL_2_COMPACT_TC_white;CARAVEL_2_COMPACT_TC_white;FIAMMA;Coffee Espresso Machine;Two-group compact espresso machine, semi-automatic with heat exchanger for high output in small footprint.;Optional: Small cups ( low groups) ( free of charge), cool touch touch steam wands, LED for work area, extra manometer, 110V (charged). Customisation (charged): full stainless steel body, colours. ;475;mm;563;mm;530;mm;52,5;Kg;2755;;EUR;;instock;bar>coffee;bar, espresso, coffee;;;;simple;;Boiler technology;Single boiler with heat exchanger;Extraction;;Steam boiler capacity (liters);6.5;;;;;;;active;https://raw.githubusercontent.com/cooknation/fiamma/refs/heads/main/fiamma_video_CARAVEL_2_COMPACT_TC.mp4;https://raw.githubusercontent.com/cooknation/fiamma/refs/heads/main/fiamma_image_CARAVEL_2_COMPACT_TC_white.jpg;https://raw.githubusercontent.com/cooknation/fiamma/refs/heads/main/fiamma_image_2_CARAVEL_2_COMPACT_TC_white.jpg;https://raw.githubusercontent.com/cooknation/fiamma/refs/heads/main/fiamma_image_3_CARAVEL_2_COMPACT_TC_white.jpg;https://raw.githubusercontent.com/cooknation/fiamma/refs/heads/main/fiamma_datasheet_CARAVEL_2_COMPACT_TC.pdf;https://raw.githubusercontent.com/cooknation/fiamma/refs/heads/main/fiamma_manual_CARAVEL_2_COMPACT_TC.pdf;https://raw.githubusercontent.com/cooknation/fiamma/refs/heads/main/fiamma_technicalmanual_CARAVEL_2_COMPACT_TC.pdf;https://raw.githubusercontent.com/cooknation/fiamma/refs/heads/main/fiamma_drawing_CARAVEL_2_COMPACT_TC.pdf;https://raw.githubusercontent.com/cooknation/fiamma/refs/heads/main/fiamma_catalogue_CARAVEL_2_COMPACT_TC.pdf;https://raw.githubusercontent.com/cooknation/fiamma/refs/heads/main/fiamma_photo_CARAVEL_2_COMPACT_TC.jpg;https://raw.githubusercontent.com/cooknation/fiamma/refs/heads/main/fiamma_card_CARAVEL_2_COMPACT_TC.pdf;https://raw.githubusercontent.com/cooknation/fiamma/refs/heads/main/fiamma_brandcatalogue.pdf;https://raw.githubusercontent.com/cooknation/fiamma/refs/heads/main/fiamma_price.pdf
CARAVEL_2_CV_COMPACT_TC_black;CARAVEL_2_CV_COMPACT_TC_black;FIAMMA;Coffee Espresso Machine;Electronic portioning compact espresso machine with 2 groups and heat exchanger boiler, ideal for tight spaces.;Optional: Small cups ( low groups) ( free of charge), cool touch touch steam wands, LED for work area, extra manometer, 110V (charged). Customisation (charged): full stainless steel body, colours. ;475;mm;563;mm;530;mm;52,5;Kg;3035;;EUR;;instock;bar>coffee;bar, espresso, coffee;;;;simple;;Boiler technology;Single boiler with heat exchanger;Extraction;;Steam boiler capacity (liters);6.5;;;;;;;active;https://raw.githubusercontent.com/cooknation/fiamma/refs/heads/main/fiamma_video_CARAVEL_2_CV_COMPACT_TC.mp4;https://raw.githubusercontent.com/cooknation/fiamma/refs/heads/main/fiamma_image_CARAVEL_2_CV_COMPACT_TC_black.jpg;https://raw.githubusercontent.com/cooknation/fiamma/refs/heads/main/fiamma_image_2_CARAVEL_2_CV_COMPACT_TC_black.jpg;https://raw.githubusercontent.com/cooknation/fiamma/refs/heads/main/fiamma_image_3_CARAVEL_2_CV_COMPACT_TC_black.jpg;https://raw.githubusercontent.com/cooknation/fiamma/refs/heads/main/fiamma_datasheet_CARAVEL_2_CV_COMPACT_TC.pdf;https://raw.githubusercontent.com/cooknation/fiamma/refs/heads/main/fiamma_manual_CARAVEL_2_CV_COMPACT_TC.pdf;https://raw.githubusercontent.com/cooknation/fiamma/refs/heads/main/fiamma_technicalmanual_CARAVEL_2_CV_COMPACT_TC.pdf;https://raw.githubusercontent.com/cooknation/fiamma/refs/heads/main/fiamma_drawing_CARAVEL_2_CV_COMPACT_TC.pdf;https://raw.githubusercontent.com/cooknation/fiamma/refs/heads/main/fiamma_catalogue_CARAVEL_2_CV_COMPACT_TC.pdf;https://raw.githubusercontent.com/cooknation/fiamma/refs/heads/main/fiamma_photo_CARAVEL_2_CV_COMPACT_TC.jpg;https://raw.githubusercontent.com/cooknation/fiamma/refs/heads/main/fiamma_card_CARAVEL_2_CV_COMPACT_TC.pdf;https://raw.githubusercontent.com/cooknation/fiamma/refs/heads/main/fiamma_brandcatalogue.pdf;https://raw.githubusercontent.com/cooknation/fiamma/refs/heads/main/fiamma_price.pdf
CARAVEL_2_CV_COMPACT_TC_white;CARAVEL_2_CV_COMPACT_TC_white;FIAMMA;Coffee Espresso Machine;Electronic portioning compact espresso machine with 2 groups and heat exchanger boiler, ideal for tight spaces.;Optional: Small cups ( low groups) ( free of charge), cool touch touch steam wands, LED for work area, extra manometer, 110V (charged). Customisation (charged): full stainless steel body, colours. ;475;mm;563;mm;530;mm;52,5;Kg;3035;;EUR;;instock;bar>coffee;bar, espresso, coffee;;;;simple;;Boiler technology;Single boiler with heat exchanger;Extraction;;Steam boiler capacity (liters);6.5;;;;;;;active;https://raw.githubusercontent.com/cooknation/fiamma/refs/heads/main/fiamma_video_CARAVEL_2_CV_COMPACT_TC.mp4;https://raw.githubusercontent.com/cooknation/fiamma/refs/heads/main/fiamma_image_CARAVEL_2_CV_COMPACT_TC_white.jpg;https://raw.githubusercontent.com/cooknation/fiamma/refs/heads/main/fiamma_image_2_CARAVEL_2_CV_COMPACT_TC_white.jpg;https://raw.githubusercontent.com/cooknation/fiamma/refs/heads/main/fiamma_image_3_CARAVEL_2_CV_COMPACT_TC_white.jpg;https://raw.githubusercontent.com/cooknation/fiamma/refs/heads/main/fiamma_datasheet_CARAVEL_2_CV_COMPACT_TC.pdf;https://raw.githubusercontent.com/cooknation/fiamma/refs/heads/main/fiamma_manual_CARAVEL_2_CV_COMPACT_TC.pdf;https://raw.githubusercontent.com/cooknation/fiamma/refs/heads/main/fiamma_technicalmanual_CARAVEL_2_CV_COMPACT_TC.pdf;https://raw.githubusercontent.com/cooknation/fiamma/refs/heads/main/fiamma_drawing_CARAVEL_2_CV_COMPACT_TC.pdf;https://raw.githubusercontent.com/cooknation/fiamma/refs/heads/main/fiamma_catalogue_CARAVEL_2_CV_COMPACT_TC.pdf;https://raw.githubusercontent.com/cooknation/fiamma/refs/heads/main/fiamma_photo_CARAVEL_2_CV_COMPACT_TC.jpg;https://raw.githubusercontent.com/cooknation/fiamma/refs/heads/main/fiamma_card_CARAVEL_2_CV_COMPACT_TC.pdf;https://raw.githubusercontent.com/cooknation/fiamma/refs/heads/main/fiamma_brandcatalogue.pdf;https://raw.githubusercontent.com/cooknation/fiamma/refs/heads/main/fiamma_price.pdf
CARAVEL_2_CV_TC_black;CARAVEL_2_CV_TC_black;FIAMMA;Coffee Espresso Machine;Electronic portioning espresso machine with 2 groups, heat exchanger and robust construction.;Optional: Small cups ( low groups) ( free of charge), cool touch touch steam wands, LED for work area, 110V (charged). Customisation (charged) : full stainless steel body, colours. ;665;mm;563;mm;530;mm;59;Kg;3295;;EUR;;instock;bar>coffee;bar, espresso, coffee;;;;simple;;Boiler technology;Single boiler with heat exchanger;Extraction;;Steam boiler capacity (liters);11;;;;;;;active;https://raw.githubusercontent.com/cooknation/fiamma/refs/heads/main/fiamma_video_CARAVEL_2_CV_TC.mp4;https://raw.githubusercontent.com/cooknation/fiamma/refs/heads/main/fiamma_image_CARAVEL_2_CV_TC_black.jpg;https://raw.githubusercontent.com/cooknation/fiamma/refs/heads/main/fiamma_image_2_CARAVEL_2_CV_TC_black.jpg;https://raw.githubusercontent.com/cooknation/fiamma/refs/heads/main/fiamma_image_3_CARAVEL_2_CV_TC_black.jpg;https://raw.githubusercontent.com/cooknation/fiamma/refs/heads/main/fiamma_datasheet_CARAVEL_2_CV_TC.pdf;https://raw.githubusercontent.com/cooknation/fiamma/refs/heads/main/fiamma_manual_CARAVEL_2_CV_TC.pdf;https://raw.githubusercontent.com/cooknation/fiamma/refs/heads/main/fiamma_technicalmanual_CARAVEL_2_CV_TC.pdf;https://raw.githubusercontent.com/cooknation/fiamma/refs/heads/main/fiamma_drawing_CARAVEL_2_CV_TC.pdf;https://raw.githubusercontent.com/cooknation/fiamma/refs/heads/main/fiamma_catalogue_CARAVEL_2_CV_TC.pdf;https://raw.githubusercontent.com/cooknation/fiamma/refs/heads/main/fiamma_photo_CARAVEL_2_CV_TC.jpg;https://raw.githubusercontent.com/cooknation/fiamma/refs/heads/main/fiamma_card_CARAVEL_2_CV_TC.pdf;https://raw.githubusercontent.com/cooknation/fiamma/refs/heads/main/fiamma_brandcatalogue.pdf;https://raw.githubusercontent.com/cooknation/fiamma/refs/heads/main/fiamma_price.pdf
CARAVEL_2_CV_TC_white;CARAVEL_2_CV_TC_white;FIAMMA;Coffee Espresso Machine;Electronic portioning espresso machine with 2 groups, heat exchanger and robust construction.;Optional: Small cups ( low groups) ( free of charge), cool touch touch steam wands, LED for work area, 110V (charged). Customisation (charged) : full stainless steel body, colours. ;665;mm;563;mm;530;mm;59;Kg;3295;;EUR;;instock;bar>coffee;bar, espresso, coffee;;;;simple;;Boiler technology;Single boiler with heat exchanger;Extraction;;Steam boiler capacity (liters);11;;;;;;;active;https://raw.githubusercontent.com/cooknation/fiamma/refs/heads/main/fiamma_video_CARAVEL_2_CV_TC.mp4;https://raw.githubusercontent.com/cooknation/fiamma/refs/heads/main/fiamma_image_CARAVEL_2_CV_TC_white.jpg;https://raw.githubusercontent.com/cooknation/fiamma/refs/heads/main/fiamma_image_2_CARAVEL_2_CV_TC_white.jpg;https://raw.githubusercontent.com/cooknation/fiamma/refs/heads/main/fiamma_image_3_CARAVEL_2_CV_TC_white.jpg;https://raw.githubusercontent.com/cooknation/fiamma/refs/heads/main/fiamma_datasheet_CARAVEL_2_CV_TC.pdf;https://raw.githubusercontent.com/cooknation/fiamma/refs/heads/main/fiamma_manual_CARAVEL_2_CV_TC.pdf;https://raw.githubusercontent.com/cooknation/fiamma/refs/heads/main/fiamma_technicalmanual_CARAVEL_2_CV_TC.pdf;https://raw.githubusercontent.com/cooknation/fiamma/refs/heads/main/fiamma_drawing_CARAVEL_2_CV_TC.pdf;https://raw.githubusercontent.com/cooknation/fiamma/refs/heads/main/fiamma_catalogue_CARAVEL_2_CV_TC.pdf;https://raw.githubusercontent.com/cooknation/fiamma/refs/heads/main/fiamma_photo_CARAVEL_2_CV_TC.jpg;https://raw.githubusercontent.com/cooknation/fiamma/refs/heads/main/fiamma_card_CARAVEL_2_CV_TC.pdf;https://raw.githubusercontent.com/cooknation/fiamma/refs/heads/main/fiamma_brandcatalogue.pdf;https://raw.githubusercontent.com/cooknation/fiamma/refs/heads/main/fiamma_price.pdf
CARAVEL_2_TC_black;CARAVEL_2_TC_black;FIAMMA;Coffee Espresso Machine;Semi-automatic espresso machine with 2 groups and heat exchanger, designed for performance.;Optional: Small cups ( low groups) ( free of charge), cool touch touch steam wands, LED for work area, 110V (charged). Customisation (charged) : full stainless steel body, colours. ;665;mm;563;mm;530;mm;59;Kg;3050;;EUR;;instock;bar>coffee;bar, espresso, coffee;;;;simple;;Boiler technology;Single boiler with heat exchanger;Extraction;;Steam boiler capacity (liters);11;;;;;;;active;https://raw.githubusercontent.com/cooknation/fiamma/refs/heads/main/fiamma_video_CARAVEL_2_TC.mp4;https://raw.githubusercontent.com/cooknation/fiamma/refs/heads/main/fiamma_image_CARAVEL_2_TC_black.jpg;https://raw.githubusercontent.com/cooknation/fiamma/refs/heads/main/fiamma_image_2_CARAVEL_2_TC_black.jpg;https://raw.githubusercontent.com/cooknation/fiamma/refs/heads/main/fiamma_image_3_CARAVEL_2_TC_black.jpg;https://raw.githubusercontent.com/cooknation/fiamma/refs/heads/main/fiamma_datasheet_CARAVEL_2_TC.pdf;https://raw.githubusercontent.com/cooknation/fiamma/refs/heads/main/fiamma_manual_CARAVEL_2_TC.pdf;https://raw.githubusercontent.com/cooknation/fiamma/refs/heads/main/fiamma_technicalmanual_CARAVEL_2_TC.pdf;https://raw.githubusercontent.com/cooknation/fiamma/refs/heads/main/fiamma_drawing_CARAVEL_2_TC.pdf;https://raw.githubusercontent.com/cooknation/fiamma/refs/heads/main/fiamma_catalogue_CARAVEL_2_TC.pdf;https://raw.githubusercontent.com/cooknation/fiamma/refs/heads/main/fiamma_photo_CARAVEL_2_TC.jpg;https://raw.githubusercontent.com/cooknation/fiamma/refs/heads/main/fiamma_card_CARAVEL_2_TC.pdf;https://raw.githubusercontent.com/cooknation/fiamma/refs/heads/main/fiamma_brandcatalogue.pdf;https://raw.githubusercontent.com/cooknation/fiamma/refs/heads/main/fiamma_price.pdf
CARAVEL_2_TC_white;CARAVEL_2_TC_white;FIAMMA;Coffee Espresso Machine;Semi-automatic espresso machine with 2 groups and heat exchanger, designed for performance.;Optional: Small cups ( low groups) ( free of charge), cool touch touch steam wands, LED for work area, 110V (charged). Customisation (charged) : full stainless steel body, colours. ;665;mm;563;mm;530;mm;59;Kg;3050;;EUR;;instock;bar>coffee;bar, espresso, coffee;;;;simple;;Boiler technology;Single boiler with heat exchanger;Extraction;;Steam boiler capacity (liters);11;;;;;;;active;https://raw.githubusercontent.com/cooknation/fiamma/refs/heads/main/fiamma_video_CARAVEL_2_TC.mp4;https://raw.githubusercontent.com/cooknation/fiamma/refs/heads/main/fiamma_image_CARAVEL_2_TC_white.jpg;https://raw.githubusercontent.com/cooknation/fiamma/refs/heads/main/fiamma_image_2_CARAVEL_2_TC_white.jpg;https://raw.githubusercontent.com/cooknation/fiamma/refs/heads/main/fiamma_image_3_CARAVEL_2_TC_white.jpg;https://raw.githubusercontent.com/cooknation/fiamma/refs/heads/main/fiamma_datasheet_CARAVEL_2_TC.pdf;https://raw.githubusercontent.com/cooknation/fiamma/refs/heads/main/fiamma_manual_CARAVEL_2_TC.pdf;https://raw.githubusercontent.com/cooknation/fiamma/refs/heads/main/fiamma_technicalmanual_CARAVEL_2_TC.pdf;https://raw.githubusercontent.com/cooknation/fiamma/refs/heads/main/fiamma_drawing_CARAVEL_2_TC.pdf;https://raw.githubusercontent.com/cooknation/fiamma/refs/heads/main/fiamma_catalogue_CARAVEL_2_TC.pdf;https://raw.githubusercontent.com/cooknation/fiamma/refs/heads/main/fiamma_photo_CARAVEL_2_TC.jpg;https://raw.githubusercontent.com/cooknation/fiamma/refs/heads/main/fiamma_card_CARAVEL_2_TC.pdf;https://raw.githubusercontent.com/cooknation/fiamma/refs/heads/main/fiamma_brandcatalogue.pdf;https://raw.githubusercontent.com/cooknation/fiamma/refs/heads/main/fiamma_price.pdf
CARAVEL_3_CV_TC_black;CARAVEL_3_CV_TC_black;FIAMMA;Coffee Espresso Machine;Three-group espresso machine with electronic portioning and heat exchanger, suitable for busy cafés.;Optional: Small cups ( low groups) ( free of charge), cool touch touch steam wands, LED for work area, 110V (charged). Customisation (charged) : full stainless steel body, colours. ;875;mm;563;mm;530;mm;76;Kg;4110;;EUR;;instock;bar>coffee;bar, espresso, coffee;;;;simple;;Boiler technology;Single boiler with heat exchanger;Extraction;;Steam boiler capacity (liters);18;;;;;;;active;https://raw.githubusercontent.com/cooknation/fiamma/refs/heads/main/fiamma_video_CARAVEL_3_CV_TC.mp4;https://raw.githubusercontent.com/cooknation/fiamma/refs/heads/main/fiamma_image_CARAVEL_3_CV_TC_black.jpg;https://raw.githubusercontent.com/cooknation/fiamma/refs/heads/main/fiamma_image_2_CARAVEL_3_CV_TC_black.jpg;https://raw.githubusercontent.com/cooknation/fiamma/refs/heads/main/fiamma_image_3_CARAVEL_3_CV_TC_black.jpg;https://raw.githubusercontent.com/cooknation/fiamma/refs/heads/main/fiamma_datasheet_CARAVEL_3_CV_TC.pdf;https://raw.githubusercontent.com/cooknation/fiamma/refs/heads/main/fiamma_manual_CARAVEL_3_CV_TC.pdf;https://raw.githubusercontent.com/cooknation/fiamma/refs/heads/main/fiamma_technicalmanual_CARAVEL_3_CV_TC.pdf;https://raw.githubusercontent.com/cooknation/fiamma/refs/heads/main/fiamma_drawing_CARAVEL_3_CV_TC.pdf;https://raw.githubusercontent.com/cooknation/fiamma/refs/heads/main/fiamma_catalogue_CARAVEL_3_CV_TC.pdf;https://raw.githubusercontent.com/cooknation/fiamma/refs/heads/main/fiamma_photo_CARAVEL_3_CV_TC.jpg;https://raw.githubusercontent.com/cooknation/fiamma/refs/heads/main/fiamma_card_CARAVEL_3_CV_TC.pdf;https://raw.githubusercontent.com/cooknation/fiamma/refs/heads/main/fiamma_brandcatalogue.pdf;https://raw.githubusercontent.com/cooknation/fiamma/refs/heads/main/fiamma_price.pdf
CARAVEL_3_CV_TC_white;CARAVEL_3_CV_TC_white;FIAMMA;Coffee Espresso Machine;Three-group espresso machine with electronic portioning and heat exchanger, suitable for busy cafés.;Optional: Small cups ( low groups) ( free of charge), cool touch touch steam wands, LED for work area, 110V (charged). Customisation (charged) : full stainless steel body, colours. ;875;mm;563;mm;530;mm;76;Kg;4110;;EUR;;instock;bar>coffee;bar, espresso, coffee;;;;simple;;Boiler technology;Single boiler with heat exchanger;Extraction;;Steam boiler capacity (liters);18;;;;;;;active;https://raw.githubusercontent.com/cooknation/fiamma/refs/heads/main/fiamma_video_CARAVEL_3_CV_TC.mp4;https://raw.githubusercontent.com/cooknation/fiamma/refs/heads/main/fiamma_image_CARAVEL_3_CV_TC_white.jpg;https://raw.githubusercontent.com/cooknation/fiamma/refs/heads/main/fiamma_image_2_CARAVEL_3_CV_TC_white.jpg;https://raw.githubusercontent.com/cooknation/fiamma/refs/heads/main/fiamma_image_3_CARAVEL_3_CV_TC_white.jpg;https://raw.githubusercontent.com/cooknation/fiamma/refs/heads/main/fiamma_datasheet_CARAVEL_3_CV_TC.pdf;https://raw.githubusercontent.com/cooknation/fiamma/refs/heads/main/fiamma_manual_CARAVEL_3_CV_TC.pdf;https://raw.githubusercontent.com/cooknation/fiamma/refs/heads/main/fiamma_technicalmanual_CARAVEL_3_CV_TC.pdf;https://raw.githubusercontent.com/cooknation/fiamma/refs/heads/main/fiamma_drawing_CARAVEL_3_CV_TC.pdf;https://raw.githubusercontent.com/cooknation/fiamma/refs/heads/main/fiamma_catalogue_CARAVEL_3_CV_TC.pdf;https://raw.githubusercontent.com/cooknation/fiamma/refs/heads/main/fiamma_photo_CARAVEL_3_CV_TC.jpg;https://raw.githubusercontent.com/cooknation/fiamma/refs/heads/main/fiamma_card_CARAVEL_3_CV_TC.pdf;https://raw.githubusercontent.com/cooknation/fiamma/refs/heads/main/fiamma_brandcatalogue.pdf;https://raw.githubusercontent.com/cooknation/fiamma/refs/heads/main/fiamma_price.pdf
CARAVEL_3_TC_black;CARAVEL_3_TC_black;FIAMMA;Coffee Espresso Machine;Three-group semi-automatic espresso machine, heat exchanger boiler, ideal for high demand.;Optional: Small cups ( low groups) ( free of charge), cool touch touch steam wands, LED for work area, 110V (charged). Customisation (charged) : full stainless steel body, colours. ;875;mm;563;mm;530;mm;76;Kg;3720;;EUR;;instock;bar>coffee;bar, espresso, coffee;;;;simple;;Boiler technology;Single boiler with heat exchanger;Extraction;;Steam boiler capacity (liters);18;;;;;;;active;https://raw.githubusercontent.com/cooknation/fiamma/refs/heads/main/fiamma_video_CARAVEL_3_TC.mp4;https://raw.githubusercontent.com/cooknation/fiamma/refs/heads/main/fiamma_image_CARAVEL_3_TC_black.jpg;https://raw.githubusercontent.com/cooknation/fiamma/refs/heads/main/fiamma_image_2_CARAVEL_3_TC_black.jpg;https://raw.githubusercontent.com/cooknation/fiamma/refs/heads/main/fiamma_image_3_CARAVEL_3_TC_black.jpg;https://raw.githubusercontent.com/cooknation/fiamma/refs/heads/main/fiamma_datasheet_CARAVEL_3_TC.pdf;https://raw.githubusercontent.com/cooknation/fiamma/refs/heads/main/fiamma_manual_CARAVEL_3_TC.pdf;https://raw.githubusercontent.com/cooknation/fiamma/refs/heads/main/fiamma_technicalmanual_CARAVEL_3_TC.pdf;https://raw.githubusercontent.com/cooknation/fiamma/refs/heads/main/fiamma_drawing_CARAVEL_3_TC.pdf;https://raw.githubusercontent.com/cooknation/fiamma/refs/heads/main/fiamma_catalogue_CARAVEL_3_TC.pdf;https://raw.githubusercontent.com/cooknation/fiamma/refs/heads/main/fiamma_photo_CARAVEL_3_TC.jpg;https://raw.githubusercontent.com/cooknation/fiamma/refs/heads/main/fiamma_card_CARAVEL_3_TC.pdf;https://raw.githubusercontent.com/cooknation/fiamma/refs/heads/main/fiamma_brandcatalogue.pdf;https://raw.githubusercontent.com/cooknation/fiamma/refs/heads/main/fiamma_price.pdf
CARAVEL_3_TC_white;CARAVEL_3_TC_white;FIAMMA;Coffee Espresso Machine;Three-group semi-automatic espresso machine, heat exchanger boiler, ideal for high demand.;Optional: Small cups ( low groups) ( free of charge), cool touch touch steam wands, LED for work area, 110V (charged). Customisation (charged) : full stainless steel body, colours. ;875;mm;563;mm;530;mm;76;Kg;3720;;EUR;;instock;bar>coffee;bar, espresso, coffee;;;;simple;;Boiler technology;Single boiler with heat exchanger;Extraction;;Steam boiler capacity (liters);18;;;;;;;active;https://raw.githubusercontent.com/cooknation/fiamma/refs/heads/main/fiamma_video_CARAVEL_3_TC.mp4;https://raw.githubusercontent.com/cooknation/fiamma/refs/heads/main/fiamma_image_CARAVEL_3_TC_white.jpg;https://raw.githubusercontent.com/cooknation/fiamma/refs/heads/main/fiamma_image_2_CARAVEL_3_TC_white.jpg;https://raw.githubusercontent.com/cooknation/fiamma/refs/heads/main/fiamma_image_3_CARAVEL_3_TC_white.jpg;https://raw.githubusercontent.com/cooknation/fiamma/refs/heads/main/fiamma_datasheet_CARAVEL_3_TC.pdf;https://raw.githubusercontent.com/cooknation/fiamma/refs/heads/main/fiamma_manual_CARAVEL_3_TC.pdf;https://raw.githubusercontent.com/cooknation/fiamma/refs/heads/main/fiamma_technicalmanual_CARAVEL_3_TC.pdf;https://raw.githubusercontent.com/cooknation/fiamma/refs/heads/main/fiamma_drawing_CARAVEL_3_TC.pdf;https://raw.githubusercontent.com/cooknation/fiamma/refs/heads/main/fiamma_catalogue_CARAVEL_3_TC.pdf;https://raw.githubusercontent.com/cooknation/fiamma/refs/heads/main/fiamma_photo_CARAVEL_3_TC.jpg;https://raw.githubusercontent.com/cooknation/fiamma/refs/heads/main/fiamma_card_CARAVEL_3_TC.pdf;https://raw.githubusercontent.com/cooknation/fiamma/refs/heads/main/fiamma_brandcatalogue.pdf;https://raw.githubusercontent.com/cooknation/fiamma/refs/heads/main/fiamma_price.pdf
COMPASS_1_SE_TC_black;COMPASS_1_SE_TC_black;FIAMMA;Coffee Espresso Machine;Single-group espresso machine with heat exchanger, compact and efficient for small operations.;Optional: Small cups (low groups) ( free of charge), 360º knobs cool touch steam wands ( charged). Customisation (charged): coloured corners + metal parts ( base part), coloured side and back panels, steam knobs, steam knobs frame, portafilter handle top;560;mm;600;mm;590;mm;40;Kg;2795;;EUR;;instock;bar>coffee;bar, espresso, coffee;;;;simple;;Boiler technology;Single boiler heat exchanger;Extraction;;Steam boiler capacity (liters);5;;;;;;;active;https://raw.githubusercontent.com/cooknation/fiamma/refs/heads/main/fiamma_video_COMPASS_1_SE_TC.mp4;https://raw.githubusercontent.com/cooknation/fiamma/refs/heads/main/fiamma_image_COMPASS_1_SE_TC_black.jpg;https://raw.githubusercontent.com/cooknation/fiamma/refs/heads/main/fiamma_image_2_COMPASS_1_SE_TC_black.jpg;https://raw.githubusercontent.com/cooknation/fiamma/refs/heads/main/fiamma_image_3_COMPASS_1_SE_TC_black.jpg;https://raw.githubusercontent.com/cooknation/fiamma/refs/heads/main/fiamma_datasheet_COMPASS_1_SE_TC.pdf;https://raw.githubusercontent.com/cooknation/fiamma/refs/heads/main/fiamma_manual_COMPASS_1_SE_TC.pdf;https://raw.githubusercontent.com/cooknation/fiamma/refs/heads/main/fiamma_technicalmanual_COMPASS_1_SE_TC.pdf;https://raw.githubusercontent.com/cooknation/fiamma/refs/heads/main/fiamma_drawing_COMPASS_1_SE_TC.pdf;https://raw.githubusercontent.com/cooknation/fiamma/refs/heads/main/fiamma_catalogue_COMPASS_1_SE_TC.pdf;https://raw.githubusercontent.com/cooknation/fiamma/refs/heads/main/fiamma_photo_COMPASS_1_SE_TC.jpg;https://raw.githubusercontent.com/cooknation/fiamma/refs/heads/main/fiamma_card_COMPASS_1_SE_TC.pdf;https://raw.githubusercontent.com/cooknation/fiamma/refs/heads/main/fiamma_brandcatalogue.pdf;https://raw.githubusercontent.com/cooknation/fiamma/refs/heads/main/fiamma_price.pdf
COMPASS_1_SE_TC_white;COMPASS_1_SE_TC_white;FIAMMA;Coffee Espresso Machine;Single-group espresso machine with heat exchanger, compact and efficient for small operations.;Optional: Small cups (low groups) ( free of charge), 360º knobs cool touch steam wands ( charged). Customisation (charged): coloured corners + metal parts ( base part), coloured side and back panels, steam knobs, steam knobs frame, portafilter handle top;560;mm;600;mm;590;mm;40;Kg;2795;;EUR;;instock;bar>coffee;bar, espresso, coffee;;;;simple;;Boiler technology;Single boiler heat exchanger;Extraction;;Steam boiler capacity (liters);5;;;;;;;active;https://raw.githubusercontent.com/cooknation/fiamma/refs/heads/main/fiamma_video_COMPASS_1_SE_TC.mp4;https://raw.githubusercontent.com/cooknation/fiamma/refs/heads/main/fiamma_image_COMPASS_1_SE_TC_white.jpg;https://raw.githubusercontent.com/cooknation/fiamma/refs/heads/main/fiamma_image_2_COMPASS_1_SE_TC_white.jpg;https://raw.githubusercontent.com/cooknation/fiamma/refs/heads/main/fiamma_image_3_COMPASS_1_SE_TC_white.jpg;https://raw.githubusercontent.com/cooknation/fiamma/refs/heads/main/fiamma_datasheet_COMPASS_1_SE_TC.pdf;https://raw.githubusercontent.com/cooknation/fiamma/refs/heads/main/fiamma_manual_COMPASS_1_SE_TC.pdf;https://raw.githubusercontent.com/cooknation/fiamma/refs/heads/main/fiamma_technicalmanual_COMPASS_1_SE_TC.pdf;https://raw.githubusercontent.com/cooknation/fiamma/refs/heads/main/fiamma_drawing_COMPASS_1_SE_TC.pdf;https://raw.githubusercontent.com/cooknation/fiamma/refs/heads/main/fiamma_catalogue_COMPASS_1_SE_TC.pdf;https://raw.githubusercontent.com/cooknation/fiamma/refs/heads/main/fiamma_photo_COMPASS_1_SE_TC.jpg;https://raw.githubusercontent.com/cooknation/fiamma/refs/heads/main/fiamma_card_COMPASS_1_SE_TC.pdf;https://raw.githubusercontent.com/cooknation/fiamma/refs/heads/main/fiamma_brandcatalogue.pdf;https://raw.githubusercontent.com/cooknation/fiamma/refs/heads/main/fiamma_price.pdf
COMPASS_2_DB_TC_black;COMPASS_2_DB_TC_black;FIAMMA;Coffee Espresso Machine;Dual boiler espresso machine with 2 groups, offering excellent temperature control and digital management.;Optional: Small cups (low groups) ( free of charge), 360º steam knobs, turbo steam ( for tall cups model), cool touch steam wands, water with temperature control - mixed ( charged). Customisation (charged): coloured corners, + metal parts ( base part), coloured side and back panels, steam knobs, steam knobs frame, portafilter handle top;750;mm;600;mm;590;mm;60;Kg;4720;;EUR;;instock;bar>coffee;bar, espresso, coffee;;;;simple;;Boiler technology;Dual boiler;Extraction;;Steam boiler capacity (liters);10.5;;;;;;;active;https://raw.githubusercontent.com/cooknation/fiamma/refs/heads/main/fiamma_video_COMPASS_2_DB_TC.mp4;https://raw.githubusercontent.com/cooknation/fiamma/refs/heads/main/fiamma_image_COMPASS_2_DB_TC_black.jpg;https://raw.githubusercontent.com/cooknation/fiamma/refs/heads/main/fiamma_image_2_COMPASS_2_DB_TC_black.jpg;https://raw.githubusercontent.com/cooknation/fiamma/refs/heads/main/fiamma_image_3_COMPASS_2_DB_TC_black.jpg;https://raw.githubusercontent.com/cooknation/fiamma/refs/heads/main/fiamma_datasheet_COMPASS_2_DB_TC.pdf;https://raw.githubusercontent.com/cooknation/fiamma/refs/heads/main/fiamma_manual_COMPASS_2_DB_TC.pdf;https://raw.githubusercontent.com/cooknation/fiamma/refs/heads/main/fiamma_technicalmanual_COMPASS_2_DB_TC.pdf;https://raw.githubusercontent.com/cooknation/fiamma/refs/heads/main/fiamma_drawing_COMPASS_2_DB_TC.pdf;https://raw.githubusercontent.com/cooknation/fiamma/refs/heads/main/fiamma_catalogue_COMPASS_2_DB_TC.pdf;https://raw.githubusercontent.com/cooknation/fiamma/refs/heads/main/fiamma_photo_COMPASS_2_DB_TC.jpg;https://raw.githubusercontent.com/cooknation/fiamma/refs/heads/main/fiamma_card_COMPASS_2_DB_TC.pdf;https://raw.githubusercontent.com/cooknation/fiamma/refs/heads/main/fiamma_brandcatalogue.pdf;https://raw.githubusercontent.com/cooknation/fiamma/refs/heads/main/fiamma_price.pdf
COMPASS_2_DB_TC_white;COMPASS_2_DB_TC_white;FIAMMA;Coffee Espresso Machine;Dual boiler espresso machine with 2 groups, offering excellent temperature control and digital management.;Optional: Small cups (low groups) ( free of charge), 360º steam knobs, turbo steam ( for tall cups model), cool touch steam wands, water with temperature control - mixed ( charged). Customisation (charged): coloured corners, + metal parts ( base part), coloured side and back panels, steam knobs, steam knobs frame, portafilter handle top;750;mm;600;mm;590;mm;60;Kg;4720;;EUR;;instock;bar>coffee;bar, espresso, coffee;;;;simple;;Boiler technology;Dual boiler;Extraction;;Steam boiler capacity (liters);10.5;;;;;;;active;https://raw.githubusercontent.com/cooknation/fiamma/refs/heads/main/fiamma_video_COMPASS_2_DB_TC.mp4;https://raw.githubusercontent.com/cooknation/fiamma/refs/heads/main/fiamma_image_COMPASS_2_DB_TC_white.jpg;https://raw.githubusercontent.com/cooknation/fiamma/refs/heads/main/fiamma_image_2_COMPASS_2_DB_TC_white.jpg;https://raw.githubusercontent.com/cooknation/fiamma/refs/heads/main/fiamma_image_3_COMPASS_2_DB_TC_white.jpg;https://raw.githubusercontent.com/cooknation/fiamma/refs/heads/main/fiamma_datasheet_COMPASS_2_DB_TC.pdf;https://raw.githubusercontent.com/cooknation/fiamma/refs/heads/main/fiamma_manual_COMPASS_2_DB_TC.pdf;https://raw.githubusercontent.com/cooknation/fiamma/refs/heads/main/fiamma_technicalmanual_COMPASS_2_DB_TC.pdf;https://raw.githubusercontent.com/cooknation/fiamma/refs/heads/main/fiamma_drawing_COMPASS_2_DB_TC.pdf;https://raw.githubusercontent.com/cooknation/fiamma/refs/heads/main/fiamma_catalogue_COMPASS_2_DB_TC.pdf;https://raw.githubusercontent.com/cooknation/fiamma/refs/heads/main/fiamma_photo_COMPASS_2_DB_TC.jpg;https://raw.githubusercontent.com/cooknation/fiamma/refs/heads/main/fiamma_card_COMPASS_2_DB_TC.pdf;https://raw.githubusercontent.com/cooknation/fiamma/refs/heads/main/fiamma_brandcatalogue.pdf;https://raw.githubusercontent.com/cooknation/fiamma/refs/heads/main/fiamma_price.pdf
COMPASS_2_MB_TC_black;COMPASS_2_MB_TC_black;FIAMMA;Coffee Espresso Machine;Multiboiler espresso machine with 2 groups and touchscreen, ideal for specialty coffee professionals.;Optional: Small cups (low groups) ( free of charge), 360º steam knobs, turbo steam ( for tall cups model)( charged). Customisation (charged): coloured corners, + metal parts ( base part), coloured side and back panels, steam knobs, steam knobs frame, portafilter handle top, display frame;750;mm;600;mm;590;mm;61;Kg;6645;;EUR;;instock;bar>coffee;bar, espresso, coffee;;;;simple;;Boiler technology;Multi boiler;Extraction;;Steam boiler capacity (liters);10.5;;;;;;;active;https://raw.githubusercontent.com/cooknation/fiamma/refs/heads/main/fiamma_video_COMPASS_2_MB_TC.mp4;https://raw.githubusercontent.com/cooknation/fiamma/refs/heads/main/fiamma_image_COMPASS_2_MB_TC_black.jpg;https://raw.githubusercontent.com/cooknation/fiamma/refs/heads/main/fiamma_image_2_COMPASS_2_MB_TC_black.jpg;https://raw.githubusercontent.com/cooknation/fiamma/refs/heads/main/fiamma_image_3_COMPASS_2_MB_TC_black.jpg;https://raw.githubusercontent.com/cooknation/fiamma/refs/heads/main/fiamma_datasheet_COMPASS_2_MB_TC.pdf;https://raw.githubusercontent.com/cooknation/fiamma/refs/heads/main/fiamma_manual_COMPASS_2_MB_TC.pdf;https://raw.githubusercontent.com/cooknation/fiamma/refs/heads/main/fiamma_technicalmanual_COMPASS_2_MB_TC.pdf;https://raw.githubusercontent.com/cooknation/fiamma/refs/heads/main/fiamma_drawing_COMPASS_2_MB_TC.pdf;https://raw.githubusercontent.com/cooknation/fiamma/refs/heads/main/fiamma_catalogue_COMPASS_2_MB_TC.pdf;https://raw.githubusercontent.com/cooknation/fiamma/refs/heads/main/fiamma_photo_COMPASS_2_MB_TC.jpg;https://raw.githubusercontent.com/cooknation/fiamma/refs/heads/main/fiamma_card_COMPASS_2_MB_TC.pdf;https://raw.githubusercontent.com/cooknation/fiamma/refs/heads/main/fiamma_brandcatalogue.pdf;https://raw.githubusercontent.com/cooknation/fiamma/refs/heads/main/fiamma_price.pdf
COMPASS_2_MB_TC_white;COMPASS_2_MB_TC_white;FIAMMA;Coffee Espresso Machine;Multiboiler espresso machine with 2 groups and touchscreen, ideal for specialty coffee professionals.;Optional: Small cups (low groups) ( free of charge), 360º steam knobs, turbo steam ( for tall cups model)( charged). Customisation (charged): coloured corners, + metal parts ( base part), coloured side and back panels, steam knobs, steam knobs frame, portafilter handle top, display frame;750;mm;600;mm;590;mm;61;Kg;6645;;EUR;;instock;bar>coffee;bar, espresso, coffee;;;;simple;;Boiler technology;Multi boiler;Extraction;;Steam boiler capacity (liters);10.5;;;;;;;active;https://raw.githubusercontent.com/cooknation/fiamma/refs/heads/main/fiamma_video_COMPASS_2_MB_TC.mp4;https://raw.githubusercontent.com/cooknation/fiamma/refs/heads/main/fiamma_image_COMPASS_2_MB_TC_white.jpg;https://raw.githubusercontent.com/cooknation/fiamma/refs/heads/main/fiamma_image_2_COMPASS_2_MB_TC_white.jpg;https://raw.githubusercontent.com/cooknation/fiamma/refs/heads/main/fiamma_image_3_COMPASS_2_MB_TC_white.jpg;https://raw.githubusercontent.com/cooknation/fiamma/refs/heads/main/fiamma_datasheet_COMPASS_2_MB_TC.pdf;https://raw.githubusercontent.com/cooknation/fiamma/refs/heads/main/fiamma_manual_COMPASS_2_MB_TC.pdf;https://raw.githubusercontent.com/cooknation/fiamma/refs/heads/main/fiamma_technicalmanual_COMPASS_2_MB_TC.pdf;https://raw.githubusercontent.com/cooknation/fiamma/refs/heads/main/fiamma_drawing_COMPASS_2_MB_TC.pdf;https://raw.githubusercontent.com/cooknation/fiamma/refs/heads/main/fiamma_catalogue_COMPASS_2_MB_TC.pdf;https://raw.githubusercontent.com/cooknation/fiamma/refs/heads/main/fiamma_photo_COMPASS_2_MB_TC.jpg;https://raw.githubusercontent.com/cooknation/fiamma/refs/heads/main/fiamma_card_COMPASS_2_MB_TC.pdf;https://raw.githubusercontent.com/cooknation/fiamma/refs/heads/main/fiamma_brandcatalogue.pdf;https://raw.githubusercontent.com/cooknation/fiamma/refs/heads/main/fiamma_price.pdf
COMPASS_2_SE_COMPACT_TC_black;COMPASS_2_SE_COMPACT_TC_black;FIAMMA;Coffee Espresso Machine;Compact 2-group espresso machine with heat exchanger, perfect for space-saving installations.;Optional: Small cups (low groups) ( free of charge), 360º knobs cool touch steam wands ( charged). Customisation (charged): coloured corners + metal parts ( base part), coloured side and back panels, steam knobs, steam knobs frame, portafilter handle top;560;mm;600;mm;590;mm;47;Kg;3395;;EUR;;instock;bar>coffee;bar, espresso, coffee;;;;simple;;Boiler technology;Single boiler heat exchanger;Extraction;;Steam boiler capacity (liters);6;;;;;;;active;https://raw.githubusercontent.com/cooknation/fiamma/refs/heads/main/fiamma_video_COMPASS_2_SE_COMPACT_TC.mp4;https://raw.githubusercontent.com/cooknation/fiamma/refs/heads/main/fiamma_image_COMPASS_2_SE_COMPACT_TC_black.jpg;https://raw.githubusercontent.com/cooknation/fiamma/refs/heads/main/fiamma_image_2_COMPASS_2_SE_COMPACT_TC_black.jpg;https://raw.githubusercontent.com/cooknation/fiamma/refs/heads/main/fiamma_image_3_COMPASS_2_SE_COMPACT_TC_black.jpg;https://raw.githubusercontent.com/cooknation/fiamma/refs/heads/main/fiamma_datasheet_COMPASS_2_SE_COMPACT_TC.pdf;https://raw.githubusercontent.com/cooknation/fiamma/refs/heads/main/fiamma_manual_COMPASS_2_SE_COMPACT_TC.pdf;https://raw.githubusercontent.com/cooknation/fiamma/refs/heads/main/fiamma_technicalmanual_COMPASS_2_SE_COMPACT_TC.pdf;https://raw.githubusercontent.com/cooknation/fiamma/refs/heads/main/fiamma_drawing_COMPASS_2_SE_COMPACT_TC.pdf;https://raw.githubusercontent.com/cooknation/fiamma/refs/heads/main/fiamma_catalogue_COMPASS_2_SE_COMPACT_TC.pdf;https://raw.githubusercontent.com/cooknation/fiamma/refs/heads/main/fiamma_photo_COMPASS_2_SE_COMPACT_TC.jpg;https://raw.githubusercontent.com/cooknation/fiamma/refs/heads/main/fiamma_card_COMPASS_2_SE_COMPACT_TC.pdf;https://raw.githubusercontent.com/cooknation/fiamma/refs/heads/main/fiamma_brandcatalogue.pdf;https://raw.githubusercontent.com/cooknation/fiamma/refs/heads/main/fiamma_price.pdf
COMPASS_2_SE_COMPACT_TC_white;COMPASS_2_SE_COMPACT_TC_white;FIAMMA;Coffee Espresso Machine;Compact 2-group espresso machine with heat exchanger, perfect for space-saving installations.;Optional: Small cups (low groups) ( free of charge), 360º knobs cool touch steam wands ( charged). Customisation (charged): coloured corners + metal parts ( base part), coloured side and back panels, steam knobs, steam knobs frame, portafilter handle top;560;mm;600;mm;590;mm;47;Kg;3395;;EUR;;instock;bar>coffee;bar, espresso, coffee;;;;simple;;Boiler technology;Single boiler heat exchanger;Extraction;;Steam boiler capacity (liters);6;;;;;;;active;https://raw.githubusercontent.com/cooknation/fiamma/refs/heads/main/fiamma_video_COMPASS_2_SE_COMPACT_TC.mp4;https://raw.githubusercontent.com/cooknation/fiamma/refs/heads/main/fiamma_image_COMPASS_2_SE_COMPACT_TC_white.jpg;https://raw.githubusercontent.com/cooknation/fiamma/refs/heads/main/fiamma_image_2_COMPASS_2_SE_COMPACT_TC_white.jpg;https://raw.githubusercontent.com/cooknation/fiamma/refs/heads/main/fiamma_image_3_COMPASS_2_SE_COMPACT_TC_white.jpg;https://raw.githubusercontent.com/cooknation/fiamma/refs/heads/main/fiamma_datasheet_COMPASS_2_SE_COMPACT_TC.pdf;https://raw.githubusercontent.com/cooknation/fiamma/refs/heads/main/fiamma_manual_COMPASS_2_SE_COMPACT_TC.pdf;https://raw.githubusercontent.com/cooknation/fiamma/refs/heads/main/fiamma_technicalmanual_COMPASS_2_SE_COMPACT_TC.pdf;https://raw.githubusercontent.com/cooknation/fiamma/refs/heads/main/fiamma_drawing_COMPASS_2_SE_COMPACT_TC.pdf;https://raw.githubusercontent.com/cooknation/fiamma/refs/heads/main/fiamma_catalogue_COMPASS_2_SE_COMPACT_TC.pdf;https://raw.githubusercontent.com/cooknation/fiamma/refs/heads/main/fiamma_photo_COMPASS_2_SE_COMPACT_TC.jpg;https://raw.githubusercontent.com/cooknation/fiamma/refs/heads/main/fiamma_card_COMPASS_2_SE_COMPACT_TC.pdf;https://raw.githubusercontent.com/cooknation/fiamma/refs/heads/main/fiamma_brandcatalogue.pdf;https://raw.githubusercontent.com/cooknation/fiamma/refs/heads/main/fiamma_price.pdf
COMPASS_2_SE_TC_black;COMPASS_2_SE_TC_black;FIAMMA;Coffee Espresso Machine;2-group heat exchanger espresso machine with PID temperature control and independent shot timers.;Optional: Small cups (low groups) ( free of charge), 360º knobs cool touch steam wands ( charged). Customisation (charged): coloured corners + metal parts ( base part), coloured side and back panels, steam knobs, steam knobs frame, portafilter handle top;750;mm;600;mm;590;mm;64;Kg;3695;;EUR;;instock;bar>coffee;bar, espresso, coffee;;;;simple;;Boiler technology;Single boiler heat exchanger;Extraction;;Steam boiler capacity (liters);11;;;;;;;active;https://raw.githubusercontent.com/cooknation/fiamma/refs/heads/main/fiamma_video_COMPASS_2_SE_TC.mp4;https://raw.githubusercontent.com/cooknation/fiamma/refs/heads/main/fiamma_image_COMPASS_2_SE_TC_black.jpg;https://raw.githubusercontent.com/cooknation/fiamma/refs/heads/main/fiamma_image_2_COMPASS_2_SE_TC_black.jpg;https://raw.githubusercontent.com/cooknation/fiamma/refs/heads/main/fiamma_image_3_COMPASS_2_SE_TC_black.jpg;https://raw.githubusercontent.com/cooknation/fiamma/refs/heads/main/fiamma_datasheet_COMPASS_2_SE_TC.pdf;https://raw.githubusercontent.com/cooknation/fiamma/refs/heads/main/fiamma_manual_COMPASS_2_SE_TC.pdf;https://raw.githubusercontent.com/cooknation/fiamma/refs/heads/main/fiamma_technicalmanual_COMPASS_2_SE_TC.pdf;https://raw.githubusercontent.com/cooknation/fiamma/refs/heads/main/fiamma_drawing_COMPASS_2_SE_TC.pdf;https://raw.githubusercontent.com/cooknation/fiamma/refs/heads/main/fiamma_catalogue_COMPASS_2_SE_TC.pdf;https://raw.githubusercontent.com/cooknation/fiamma/refs/heads/main/fiamma_photo_COMPASS_2_SE_TC.jpg;https://raw.githubusercontent.com/cooknation/fiamma/refs/heads/main/fiamma_card_COMPASS_2_SE_TC.pdf;https://raw.githubusercontent.com/cooknation/fiamma/refs/heads/main/fiamma_brandcatalogue.pdf;https://raw.githubusercontent.com/cooknation/fiamma/refs/heads/main/fiamma_price.pdf
COMPASS_2_SE_TC_white;COMPASS_2_SE_TC_white;FIAMMA;Coffee Espresso Machine;2-group heat exchanger espresso machine with PID temperature control and independent shot timers.;Optional: Small cups (low groups) ( free of charge), 360º knobs cool touch steam wands ( charged). Customisation (charged): coloured corners + metal parts ( base part), coloured side and back panels, steam knobs, steam knobs frame, portafilter handle top;750;mm;600;mm;590;mm;64;Kg;3695;;EUR;;instock;bar>coffee;bar, espresso, coffee;;;;simple;;Boiler technology;Single boiler heat exchanger;Extraction;;Steam boiler capacity (liters);11;;;;;;;active;https://raw.githubusercontent.com/cooknation/fiamma/refs/heads/main/fiamma_video_COMPASS_2_SE_TC.mp4;https://raw.githubusercontent.com/cooknation/fiamma/refs/heads/main/fiamma_image_COMPASS_2_SE_TC_white.jpg;https://raw.githubusercontent.com/cooknation/fiamma/refs/heads/main/fiamma_image_2_COMPASS_2_SE_TC_white.jpg;https://raw.githubusercontent.com/cooknation/fiamma/refs/heads/main/fiamma_image_3_COMPASS_2_SE_TC_white.jpg;https://raw.githubusercontent.com/cooknation/fiamma/refs/heads/main/fiamma_datasheet_COMPASS_2_SE_TC.pdf;https://raw.githubusercontent.com/cooknation/fiamma/refs/heads/main/fiamma_manual_COMPASS_2_SE_TC.pdf;https://raw.githubusercontent.com/cooknation/fiamma/refs/heads/main/fiamma_technicalmanual_COMPASS_2_SE_TC.pdf;https://raw.githubusercontent.com/cooknation/fiamma/refs/heads/main/fiamma_drawing_COMPASS_2_SE_TC.pdf;https://raw.githubusercontent.com/cooknation/fiamma/refs/heads/main/fiamma_catalogue_COMPASS_2_SE_TC.pdf;https://raw.githubusercontent.com/cooknation/fiamma/refs/heads/main/fiamma_photo_COMPASS_2_SE_TC.jpg;https://raw.githubusercontent.com/cooknation/fiamma/refs/heads/main/fiamma_card_COMPASS_2_SE_TC.pdf;https://raw.githubusercontent.com/cooknation/fiamma/refs/heads/main/fiamma_brandcatalogue.pdf;https://raw.githubusercontent.com/cooknation/fiamma/refs/heads/main/fiamma_price.pdf
COMPASS_3_DB_TC_black;COMPASS_3_DB_TC_black;FIAMMA;Coffee Espresso Machine;Three-group dual boiler espresso machine with digital control and high capacity for busy venues.;Optional: Small cups (low groups) ( free of charge), 360º steam knobs, turbo steam ( for tall cups model), cool touch steam wands, water with temperature control - mixed ( charged). Customisation (charged): coloured corners, + metal parts ( base part), coloured side and back panels, steam knobs, steam knobs frame, portafilter handle top;960;mm;600;mm;590;mm;75;Kg;5610;;EUR;;instock;bar>coffee;bar, espresso, coffee;;;;simple;;Boiler technology;Dual boiler;Extraction;;Steam boiler capacity (liters);12;;;;;;;active;https://raw.githubusercontent.com/cooknation/fiamma/refs/heads/main/fiamma_video_COMPASS_3_DB_TC.mp4;https://raw.githubusercontent.com/cooknation/fiamma/refs/heads/main/fiamma_image_COMPASS_3_DB_TC_black.jpg;https://raw.githubusercontent.com/cooknation/fiamma/refs/heads/main/fiamma_image_2_COMPASS_3_DB_TC_black.jpg;https://raw.githubusercontent.com/cooknation/fiamma/refs/heads/main/fiamma_image_3_COMPASS_3_DB_TC_black.jpg;https://raw.githubusercontent.com/cooknation/fiamma/refs/heads/main/fiamma_datasheet_COMPASS_3_DB_TC.pdf;https://raw.githubusercontent.com/cooknation/fiamma/refs/heads/main/fiamma_manual_COMPASS_3_DB_TC.pdf;https://raw.githubusercontent.com/cooknation/fiamma/refs/heads/main/fiamma_technicalmanual_COMPASS_3_DB_TC.pdf;https://raw.githubusercontent.com/cooknation/fiamma/refs/heads/main/fiamma_drawing_COMPASS_3_DB_TC.pdf;https://raw.githubusercontent.com/cooknation/fiamma/refs/heads/main/fiamma_catalogue_COMPASS_3_DB_TC.pdf;https://raw.githubusercontent.com/cooknation/fiamma/refs/heads/main/fiamma_photo_COMPASS_3_DB_TC.jpg;https://raw.githubusercontent.com/cooknation/fiamma/refs/heads/main/fiamma_card_COMPASS_3_DB_TC.pdf;https://raw.githubusercontent.com/cooknation/fiamma/refs/heads/main/fiamma_brandcatalogue.pdf;https://raw.githubusercontent.com/cooknation/fiamma/refs/heads/main/fiamma_price.pdf
COMPASS_3_DB_TC_white;COMPASS_3_DB_TC_white;FIAMMA;Coffee Espresso Machine;Three-group dual boiler espresso machine with digital control and high capacity for busy venues.;Optional: Small cups (low groups) ( free of charge), 360º steam knobs, turbo steam ( for tall cups model), cool touch steam wands, water with temperature control - mixed ( charged). Customisation (charged): coloured corners, + metal parts ( base part), coloured side and back panels, steam knobs, steam knobs frame, portafilter handle top;960;mm;600;mm;590;mm;75;Kg;5610;;EUR;;instock;bar>coffee;bar, espresso, coffee;;;;simple;;Boiler technology;Dual boiler;Extraction;;Steam boiler capacity (liters);12;;;;;;;active;https://raw.githubusercontent.com/cooknation/fiamma/refs/heads/main/fiamma_video_COMPASS_3_DB_TC.mp4;https://raw.githubusercontent.com/cooknation/fiamma/refs/heads/main/fiamma_image_COMPASS_3_DB_TC_white.jpg;https://raw.githubusercontent.com/cooknation/fiamma/refs/heads/main/fiamma_image_2_COMPASS_3_DB_TC_white.jpg;https://raw.githubusercontent.com/cooknation/fiamma/refs/heads/main/fiamma_image_3_COMPASS_3_DB_TC_white.jpg;https://raw.githubusercontent.com/cooknation/fiamma/refs/heads/main/fiamma_datasheet_COMPASS_3_DB_TC.pdf;https://raw.githubusercontent.com/cooknation/fiamma/refs/heads/main/fiamma_manual_COMPASS_3_DB_TC.pdf;https://raw.githubusercontent.com/cooknation/fiamma/refs/heads/main/fiamma_technicalmanual_COMPASS_3_DB_TC.pdf;https://raw.githubusercontent.com/cooknation/fiamma/refs/heads/main/fiamma_drawing_COMPASS_3_DB_TC.pdf;https://raw.githubusercontent.com/cooknation/fiamma/refs/heads/main/fiamma_catalogue_COMPASS_3_DB_TC.pdf;https://raw.githubusercontent.com/cooknation/fiamma/refs/heads/main/fiamma_photo_COMPASS_3_DB_TC.jpg;https://raw.githubusercontent.com/cooknation/fiamma/refs/heads/main/fiamma_card_COMPASS_3_DB_TC.pdf;https://raw.githubusercontent.com/cooknation/fiamma/refs/heads/main/fiamma_brandcatalogue.pdf;https://raw.githubusercontent.com/cooknation/fiamma/refs/heads/main/fiamma_price.pdf
COMPASS_3_MB_TC_black;COMPASS_3_MB_TC_black;FIAMMA;Coffee Espresso Machine;Three-group multiboiler espresso machine with touchscreen and high performance for high-volume service.;Optional: Small cups (low groups) ( free of charge), 360º steam knobs, turbo steam ( for tall cups model)( charged). Customisation (charged): coloured corners, + metal parts ( base part), coloured side and back panels, steam knobs, steam knobs frame, portafilter handle top, display frame;960;mm;600;mm;590;mm;73;Kg;7825;;EUR;;instock;bar>coffee;bar, espresso, coffee;;;;simple;;Boiler technology;Multi boiler;Extraction;;Steam boiler capacity (liters);12;;;;;;;active;https://raw.githubusercontent.com/cooknation/fiamma/refs/heads/main/fiamma_video_COMPASS_3_MB_TC.mp4;https://raw.githubusercontent.com/cooknation/fiamma/refs/heads/main/fiamma_image_COMPASS_3_MB_TC_black.jpg;https://raw.githubusercontent.com/cooknation/fiamma/refs/heads/main/fiamma_image_2_COMPASS_3_MB_TC_black.jpg;https://raw.githubusercontent.com/cooknation/fiamma/refs/heads/main/fiamma_image_3_COMPASS_3_MB_TC_black.jpg;https://raw.githubusercontent.com/cooknation/fiamma/refs/heads/main/fiamma_datasheet_COMPASS_3_MB_TC.pdf;https://raw.githubusercontent.com/cooknation/fiamma/refs/heads/main/fiamma_manual_COMPASS_3_MB_TC.pdf;https://raw.githubusercontent.com/cooknation/fiamma/refs/heads/main/fiamma_technicalmanual_COMPASS_3_MB_TC.pdf;https://raw.githubusercontent.com/cooknation/fiamma/refs/heads/main/fiamma_drawing_COMPASS_3_MB_TC.pdf;https://raw.githubusercontent.com/cooknation/fiamma/refs/heads/main/fiamma_catalogue_COMPASS_3_MB_TC.pdf;https://raw.githubusercontent.com/cooknation/fiamma/refs/heads/main/fiamma_photo_COMPASS_3_MB_TC.jpg;https://raw.githubusercontent.com/cooknation/fiamma/refs/heads/main/fiamma_card_COMPASS_3_MB_TC.pdf;https://raw.githubusercontent.com/cooknation/fiamma/refs/heads/main/fiamma_brandcatalogue.pdf;https://raw.githubusercontent.com/cooknation/fiamma/refs/heads/main/fiamma_price.pdf
COMPASS_3_MB_TC_white;COMPASS_3_MB_TC_white;FIAMMA;Coffee Espresso Machine;Three-group multiboiler espresso machine with touchscreen and high performance for high-volume service.;Optional: Small cups (low groups) ( free of charge), 360º steam knobs, turbo steam ( for tall cups model)( charged). Customisation (charged): coloured corners, + metal parts ( base part), coloured side and back panels, steam knobs, steam knobs frame, portafilter handle top, display frame;960;mm;600;mm;590;mm;73;Kg;7825;;EUR;;instock;bar>coffee;bar, espresso, coffee;;;;simple;;Boiler technology;Multi boiler;Extraction;;Steam boiler capacity (liters);12;;;;;;;active;https://raw.githubusercontent.com/cooknation/fiamma/refs/heads/main/fiamma_video_COMPASS_3_MB_TC.mp4;https://raw.githubusercontent.com/cooknation/fiamma/refs/heads/main/fiamma_image_COMPASS_3_MB_TC_white.jpg;https://raw.githubusercontent.com/cooknation/fiamma/refs/heads/main/fiamma_image_2_COMPASS_3_MB_TC_white.jpg;https://raw.githubusercontent.com/cooknation/fiamma/refs/heads/main/fiamma_image_3_COMPASS_3_MB_TC_white.jpg;https://raw.githubusercontent.com/cooknation/fiamma/refs/heads/main/fiamma_datasheet_COMPASS_3_MB_TC.pdf;https://raw.githubusercontent.com/cooknation/fiamma/refs/heads/main/fiamma_manual_COMPASS_3_MB_TC.pdf;https://raw.githubusercontent.com/cooknation/fiamma/refs/heads/main/fiamma_technicalmanual_COMPASS_3_MB_TC.pdf;https://raw.githubusercontent.com/cooknation/fiamma/refs/heads/main/fiamma_drawing_COMPASS_3_MB_TC.pdf;https://raw.githubusercontent.com/cooknation/fiamma/refs/heads/main/fiamma_catalogue_COMPASS_3_MB_TC.pdf;https://raw.githubusercontent.com/cooknation/fiamma/refs/heads/main/fiamma_photo_COMPASS_3_MB_TC.jpg;https://raw.githubusercontent.com/cooknation/fiamma/refs/heads/main/fiamma_card_COMPASS_3_MB_TC.pdf;https://raw.githubusercontent.com/cooknation/fiamma/refs/heads/main/fiamma_brandcatalogue.pdf;https://raw.githubusercontent.com/cooknation/fiamma/refs/heads/main/fiamma_price.pdf
COMPASS_3_SE_TC_black;COMPASS_3_SE_TC_black;FIAMMA;Coffee Espresso Machine;3-group espresso machine with heat exchanger and LED lighting, designed for consistent quality.;Optional: Small cups (low groups) ( free of charge), 360º knobs cool touch steam wands ( charged). Customisation (charged): coloured corners + metal parts ( base part), coloured side and back panels, steam knobs, steam knobs frame, portafilter handle top;960;mm;600;mm;590;mm;80;Kg;4595;;EUR;;instock;bar>coffee;bar, espresso, coffee;;;;simple;;Boiler technology;Single boiler with heat exchanger;Extraction;;Steam boiler capacity (liters);18;;;;;;;active;https://raw.githubusercontent.com/cooknation/fiamma/refs/heads/main/fiamma_video_COMPASS_3_SE_TC.mp4;https://raw.githubusercontent.com/cooknation/fiamma/refs/heads/main/fiamma_image_COMPASS_3_SE_TC_black.jpg;https://raw.githubusercontent.com/cooknation/fiamma/refs/heads/main/fiamma_image_2_COMPASS_3_SE_TC_black.jpg;https://raw.githubusercontent.com/cooknation/fiamma/refs/heads/main/fiamma_image_3_COMPASS_3_SE_TC_black.jpg;https://raw.githubusercontent.com/cooknation/fiamma/refs/heads/main/fiamma_datasheet_COMPASS_3_SE_TC.pdf;https://raw.githubusercontent.com/cooknation/fiamma/refs/heads/main/fiamma_manual_COMPASS_3_SE_TC.pdf;https://raw.githubusercontent.com/cooknation/fiamma/refs/heads/main/fiamma_technicalmanual_COMPASS_3_SE_TC.pdf;https://raw.githubusercontent.com/cooknation/fiamma/refs/heads/main/fiamma_drawing_COMPASS_3_SE_TC.pdf;https://raw.githubusercontent.com/cooknation/fiamma/refs/heads/main/fiamma_catalogue_COMPASS_3_SE_TC.pdf;https://raw.githubusercontent.com/cooknation/fiamma/refs/heads/main/fiamma_photo_COMPASS_3_SE_TC.jpg;https://raw.githubusercontent.com/cooknation/fiamma/refs/heads/main/fiamma_card_COMPASS_3_SE_TC.pdf;https://raw.githubusercontent.com/cooknation/fiamma/refs/heads/main/fiamma_brandcatalogue.pdf;https://raw.githubusercontent.com/cooknation/fiamma/refs/heads/main/fiamma_price.pdf
COMPASS_3_SE_TC_white;COMPASS_3_SE_TC_white;FIAMMA;Coffee Espresso Machine;3-group espresso machine with heat exchanger and LED lighting, designed for consistent quality.;Optional: Small cups (low groups) ( free of charge), 360º knobs cool touch steam wands ( charged). Customisation (charged): coloured corners + metal parts ( base part), coloured side and back panels, steam knobs, steam knobs frame, portafilter handle top;960;mm;600;mm;590;mm;80;Kg;4595;;EUR;;instock;bar>coffee;bar, espresso, coffee;;;;simple;;Boiler technology;Single boiler with heat exchanger;Extraction;;Steam boiler capacity (liters);18;;;;;;;active;https://raw.githubusercontent.com/cooknation/fiamma/refs/heads/main/fiamma_video_COMPASS_3_SE_TC.mp4;https://raw.githubusercontent.com/cooknation/fiamma/refs/heads/main/fiamma_image_COMPASS_3_SE_TC_white.jpg;https://raw.githubusercontent.com/cooknation/fiamma/refs/heads/main/fiamma_image_2_COMPASS_3_SE_TC_white.jpg;https://raw.githubusercontent.com/cooknation/fiamma/refs/heads/main/fiamma_image_3_COMPASS_3_SE_TC_white.jpg;https://raw.githubusercontent.com/cooknation/fiamma/refs/heads/main/fiamma_datasheet_COMPASS_3_SE_TC.pdf;https://raw.githubusercontent.com/cooknation/fiamma/refs/heads/main/fiamma_manual_COMPASS_3_SE_TC.pdf;https://raw.githubusercontent.com/cooknation/fiamma/refs/heads/main/fiamma_technicalmanual_COMPASS_3_SE_TC.pdf;https://raw.githubusercontent.com/cooknation/fiamma/refs/heads/main/fiamma_drawing_COMPASS_3_SE_TC.pdf;https://raw.githubusercontent.com/cooknation/fiamma/refs/heads/main/fiamma_catalogue_COMPASS_3_SE_TC.pdf;https://raw.githubusercontent.com/cooknation/fiamma/refs/heads/main/fiamma_photo_COMPASS_3_SE_TC.jpg;https://raw.githubusercontent.com/cooknation/fiamma/refs/heads/main/fiamma_card_COMPASS_3_SE_TC.pdf;https://raw.githubusercontent.com/cooknation/fiamma/refs/heads/main/fiamma_brandcatalogue.pdf;https://raw.githubusercontent.com/cooknation/fiamma/refs/heads/main/fiamma_price.pdf
MARINA;MARINA;FIAMMA;Coffee Espresso Machine;Compact single-boiler espresso machine, designed for low-volume commercial or home use with professional components.;Optional(charged):Cool touch steam wand, on/off pilot light, 110 V. Customisation (charged): full stainless steel body, colors;375;mm;530;mm;485;mm;30,5;Kg;1925;;EUR;;instock;bar>coffee;bar, espresso, coffee;;;;simple;;Boiler technology;Single boiler with heat exchanger;Extraction;;Steam boiler capacity (liters);3;;;;;;;active;https://raw.githubusercontent.com/cooknation/fiamma/refs/heads/main/fiamma_video_MARINA.mp4;https://raw.githubusercontent.com/cooknation/fiamma/refs/heads/main/fiamma_image_MARINA.jpg;https://raw.githubusercontent.com/cooknation/fiamma/refs/heads/main/fiamma_image_2_MARINA.jpg;https://raw.githubusercontent.com/cooknation/fiamma/refs/heads/main/fiamma_image_3_MARINA.jpg;https://raw.githubusercontent.com/cooknation/fiamma/refs/heads/main/fiamma_datasheet_MARINA.pdf;https://raw.githubusercontent.com/cooknation/fiamma/refs/heads/main/fiamma_manual_MARINA.pdf;https://raw.githubusercontent.com/cooknation/fiamma/refs/heads/main/fiamma_technicalmanual_MARINA.pdf;https://raw.githubusercontent.com/cooknation/fiamma/refs/heads/main/fiamma_drawing_MARINA.pdf;https://raw.githubusercontent.com/cooknation/fiamma/refs/heads/main/fiamma_catalogue_MARINA.pdf;https://raw.githubusercontent.com/cooknation/fiamma/refs/heads/main/fiamma_photo_MARINA.jpg;https://raw.githubusercontent.com/cooknation/fiamma/refs/heads/main/fiamma_card_MARINA.pdf;https://raw.githubusercontent.com/cooknation/fiamma/refs/heads/main/fiamma_brandcatalogue.pdf;https://raw.githubusercontent.com/cooknation/fiamma/refs/heads/main/fiamma_price.pdf
MARINA_CV;MARINA_CV;FIAMMA;Coffee Espresso Machine;Single-group compact espresso machine with electronic portioning and professional-grade components.;Optional(charged):Cool touch steam wand, on/off pilot light, 110 V. Customisation (charged): full stainless steel body, colors;375;mm;530;mm;485;mm;30,5;Kg;2045;;EUR;;instock;bar>coffee;bar, espresso, coffee;;;;simple;;Boiler technology;Single boiler with heat exchanger;Extraction;;Steam boiler capacity (liters);3;;;;;;;active;https://raw.githubusercontent.com/cooknation/fiamma/refs/heads/main/fiamma_video_MARINA_CV.mp4;https://raw.githubusercontent.com/cooknation/fiamma/refs/heads/main/fiamma_image_MARINA_CV.jpg;https://raw.githubusercontent.com/cooknation/fiamma/refs/heads/main/fiamma_image_2_MARINA_CV.jpg;https://raw.githubusercontent.com/cooknation/fiamma/refs/heads/main/fiamma_image_3_MARINA_CV.jpg;https://raw.githubusercontent.com/cooknation/fiamma/refs/heads/main/fiamma_datasheet_MARINA_CV.pdf;https://raw.githubusercontent.com/cooknation/fiamma/refs/heads/main/fiamma_manual_MARINA_CV.pdf;https://raw.githubusercontent.com/cooknation/fiamma/refs/heads/main/fiamma_technicalmanual_MARINA_CV.pdf;https://raw.githubusercontent.com/cooknation/fiamma/refs/heads/main/fiamma_drawing_MARINA_CV.pdf;https://raw.githubusercontent.com/cooknation/fiamma/refs/heads/main/fiamma_catalogue_MARINA_CV.pdf;https://raw.githubusercontent.com/cooknation/fiamma/refs/heads/main/fiamma_photo_MARINA_CV.jpg;https://raw.githubusercontent.com/cooknation/fiamma/refs/heads/main/fiamma_card_MARINA_CV.pdf;https://raw.githubusercontent.com/cooknation/fiamma/refs/heads/main/fiamma_brandcatalogue.pdf;https://raw.githubusercontent.com/cooknation/fiamma/refs/heads/main/fiamma_price.pdf
MARINA_CV_DI;MARINA_CV_DI;FIAMMA;Coffee Espresso Machine;Marina espresso machine with dual input and advanced PID control in a compact format.;Optional(charged):Cool touch steam wand, on/off pilot light, 110 V. Customisation (charged): full stainless steel body, colors;375;mm;530;mm;485;mm;30,5;Kg;2155;;EUR;;instock;bar>coffee;bar, espresso, coffee;;;;simple;;Boiler technology;Single boiler with heat exchanger;Extraction;;Steam boiler capacity (liters);3;;;;;;;active;https://raw.githubusercontent.com/cooknation/fiamma/refs/heads/main/fiamma_video_MARINA_CV_DI.mp4;https://raw.githubusercontent.com/cooknation/fiamma/refs/heads/main/fiamma_image_MARINA_CV_DI.jpg;https://raw.githubusercontent.com/cooknation/fiamma/refs/heads/main/fiamma_image_2_MARINA_CV_DI.jpg;https://raw.githubusercontent.com/cooknation/fiamma/refs/heads/main/fiamma_image_3_MARINA_CV_DI.jpg;https://raw.githubusercontent.com/cooknation/fiamma/refs/heads/main/fiamma_datasheet_MARINA_CV_DI.pdf;https://raw.githubusercontent.com/cooknation/fiamma/refs/heads/main/fiamma_manual_MARINA_CV_DI.pdf;https://raw.githubusercontent.com/cooknation/fiamma/refs/heads/main/fiamma_technicalmanual_MARINA_CV_DI.pdf;https://raw.githubusercontent.com/cooknation/fiamma/refs/heads/main/fiamma_drawing_MARINA_CV_DI.pdf;https://raw.githubusercontent.com/cooknation/fiamma/refs/heads/main/fiamma_catalogue_MARINA_CV_DI.pdf;https://raw.githubusercontent.com/cooknation/fiamma/refs/heads/main/fiamma_photo_MARINA_CV_DI.jpg;https://raw.githubusercontent.com/cooknation/fiamma/refs/heads/main/fiamma_card_MARINA_CV_DI.pdf;https://raw.githubusercontent.com/cooknation/fiamma/refs/heads/main/fiamma_brandcatalogue.pdf;https://raw.githubusercontent.com/cooknation/fiamma/refs/heads/main/fiamma_price.pdf
MARINA_CV_PRO;MARINA_CV_PRO;FIAMMA;Coffee Espresso Machine;Enhanced Marina model with rotary pump and electronic portioning, ideal for precise extraction.;Optional(charged):Cool touch steam wand, on/off pilot light, 110 V. Customisation (charged): full stainless steel body, colors;375;mm;530;mm;485;mm;33,5;Kg;2315;;EUR;;instock;bar>coffee;bar, espresso, coffee;;;;simple;;Boiler technology;Single boiler with heat exchanger;Extraction;;Steam boiler capacity (liters);3;;;;;;;active;https://raw.githubusercontent.com/cooknation/fiamma/refs/heads/main/fiamma_video_MARINA_CV_PRO.mp4;https://raw.githubusercontent.com/cooknation/fiamma/refs/heads/main/fiamma_image_MARINA_CV_PRO.jpg;https://raw.githubusercontent.com/cooknation/fiamma/refs/heads/main/fiamma_image_2_MARINA_CV_PRO.jpg;https://raw.githubusercontent.com/cooknation/fiamma/refs/heads/main/fiamma_image_3_MARINA_CV_PRO.jpg;https://raw.githubusercontent.com/cooknation/fiamma/refs/heads/main/fiamma_datasheet_MARINA_CV_PRO.pdf;https://raw.githubusercontent.com/cooknation/fiamma/refs/heads/main/fiamma_manual_MARINA_CV_PRO.pdf;https://raw.githubusercontent.com/cooknation/fiamma/refs/heads/main/fiamma_technicalmanual_MARINA_CV_PRO.pdf;https://raw.githubusercontent.com/cooknation/fiamma/refs/heads/main/fiamma_drawing_MARINA_CV_PRO.pdf;https://raw.githubusercontent.com/cooknation/fiamma/refs/heads/main/fiamma_catalogue_MARINA_CV_PRO.pdf;https://raw.githubusercontent.com/cooknation/fiamma/refs/heads/main/fiamma_photo_MARINA_CV_PRO.jpg;https://raw.githubusercontent.com/cooknation/fiamma/refs/heads/main/fiamma_card_MARINA_CV_PRO.pdf;https://raw.githubusercontent.com/cooknation/fiamma/refs/heads/main/fiamma_brandcatalogue.pdf;https://raw.githubusercontent.com/cooknation/fiamma/refs/heads/main/fiamma_price.pdf
MARINA_PRO;MARINA_PRO;FIAMMA;Coffee Espresso Machine;Professional-grade Marina machine with rotary pump for improved pressure and extraction control.;Optional(charged):Cool touch steam wand, on/off pilot light, 110 V. Customisation (charged): full stainless steel body, colors;375;mm;530;mm;485;mm;33,5;Kg;2195;;EUR;;instock;bar>coffee;bar, espresso, coffee;;;;simple;;Boiler technology;Single boiler with heat exchanger;Extraction;;Steam boiler capacity (liters);3;;;;;;;active;https://raw.githubusercontent.com/cooknation/fiamma/refs/heads/main/fiamma_video_MARINA_PRO.mp4;https://raw.githubusercontent.com/cooknation/fiamma/refs/heads/main/fiamma_image_MARINA_PRO.jpg;https://raw.githubusercontent.com/cooknation/fiamma/refs/heads/main/fiamma_image_2_MARINA_PRO.jpg;https://raw.githubusercontent.com/cooknation/fiamma/refs/heads/main/fiamma_image_3_MARINA_PRO.jpg;https://raw.githubusercontent.com/cooknation/fiamma/refs/heads/main/fiamma_datasheet_MARINA_PRO.pdf;https://raw.githubusercontent.com/cooknation/fiamma/refs/heads/main/fiamma_manual_MARINA_PRO.pdf;https://raw.githubusercontent.com/cooknation/fiamma/refs/heads/main/fiamma_technicalmanual_MARINA_PRO.pdf;https://raw.githubusercontent.com/cooknation/fiamma/refs/heads/main/fiamma_drawing_MARINA_PRO.pdf;https://raw.githubusercontent.com/cooknation/fiamma/refs/heads/main/fiamma_catalogue_MARINA_PRO.pdf;https://raw.githubusercontent.com/cooknation/fiamma/refs/heads/main/fiamma_photo_MARINA_PRO.jpg;https://raw.githubusercontent.com/cooknation/fiamma/refs/heads/main/fiamma_card_MARINA_PRO.pdf;https://raw.githubusercontent.com/cooknation/fiamma/refs/heads/main/fiamma_brandcatalogue.pdf;https://raw.githubusercontent.com/cooknation/fiamma/refs/heads/main/fiamma_price.pdf
NAU_CLASSICA;NAU_CLASSICA;FIAMMA;Coffee Espresso Machine;Compact single-boiler espresso machine with internal tank, perfect for home or light commercial use.;Optional(charged): Cool touch steam wand, customised colours, 110V;337;mm;440;mm;375;mm;26;Kg;2250;;EUR;;instock;bar>coffee;bar, espresso, coffee;;;;simple;;Boiler technology;Single boiler heat exchanger;Extraction;Vibratory pump;Steam boiler capacity (liters);2;;;;;;;active;https://raw.githubusercontent.com/cooknation/fiamma/refs/heads/main/fiamma_video_NAU_CLASSICA.mp4;https://raw.githubusercontent.com/cooknation/fiamma/refs/heads/main/fiamma_image_NAU_CLASSICA.jpg;https://raw.githubusercontent.com/cooknation/fiamma/refs/heads/main/fiamma_image_2_NAU_CLASSICA.jpg;https://raw.githubusercontent.com/cooknation/fiamma/refs/heads/main/fiamma_image_3_NAU_CLASSICA.jpg;https://raw.githubusercontent.com/cooknation/fiamma/refs/heads/main/fiamma_datasheet_NAU_CLASSICA.pdf;https://raw.githubusercontent.com/cooknation/fiamma/refs/heads/main/fiamma_manual_NAU_CLASSICA.pdf;https://raw.githubusercontent.com/cooknation/fiamma/refs/heads/main/fiamma_technicalmanual_NAU_CLASSICA.pdf;https://raw.githubusercontent.com/cooknation/fiamma/refs/heads/main/fiamma_drawing_NAU_CLASSICA.pdf;https://raw.githubusercontent.com/cooknation/fiamma/refs/heads/main/fiamma_catalogue_NAU_CLASSICA.pdf;https://raw.githubusercontent.com/cooknation/fiamma/refs/heads/main/fiamma_photo_NAU_CLASSICA.jpg;https://raw.githubusercontent.com/cooknation/fiamma/refs/heads/main/fiamma_card_NAU_CLASSICA.pdf;https://raw.githubusercontent.com/cooknation/fiamma/refs/heads/main/fiamma_brandcatalogue.pdf;https://raw.githubusercontent.com/cooknation/fiamma/refs/heads/main/fiamma_price.pdf
NAU_CLASSICA_GW;NAU_CLASSICA_GW;FIAMMA;Coffee Espresso Machine;Single boiler. Vibratory/Rotary pump. 2L boiler. 3L tank. G&W edition.;Optional(charged): Cool touch steam wand, customised colours, 110V;337;mm;440;mm;375;mm;26;Kg;2350;;EUR;;instock;bar>coffee;bar, espresso, coffee;;;;simple;;Boiler technology;Single boiler heat exchanger;Extraction;Vibratory pump;Steam boiler capacity (liters);2;;;;;;;active;https://raw.githubusercontent.com/cooknation/fiamma/refs/heads/main/fiamma_video_NAU_CLASSICA_GW.mp4;https://raw.githubusercontent.com/cooknation/fiamma/refs/heads/main/fiamma_image_NAU_CLASSICA_GW.jpg;https://raw.githubusercontent.com/cooknation/fiamma/refs/heads/main/fiamma_image_2_NAU_CLASSICA_GW.jpg;https://raw.githubusercontent.com/cooknation/fiamma/refs/heads/main/fiamma_image_3_NAU_CLASSICA_GW.jpg;https://raw.githubusercontent.com/cooknation/fiamma/refs/heads/main/fiamma_datasheet_NAU_CLASSICA_GW.pdf;https://raw.githubusercontent.com/cooknation/fiamma/refs/heads/main/fiamma_manual_NAU_CLASSICA_GW.pdf;https://raw.githubusercontent.com/cooknation/fiamma/refs/heads/main/fiamma_technicalmanual_NAU_CLASSICA_GW.pdf;https://raw.githubusercontent.com/cooknation/fiamma/refs/heads/main/fiamma_drawing_NAU_CLASSICA_GW.pdf;https://raw.githubusercontent.com/cooknation/fiamma/refs/heads/main/fiamma_catalogue_NAU_CLASSICA_GW.pdf;https://raw.githubusercontent.com/cooknation/fiamma/refs/heads/main/fiamma_photo_NAU_CLASSICA_GW.jpg;https://raw.githubusercontent.com/cooknation/fiamma/refs/heads/main/fiamma_card_NAU_CLASSICA_GW.pdf;https://raw.githubusercontent.com/cooknation/fiamma/refs/heads/main/fiamma_brandcatalogue.pdf;https://raw.githubusercontent.com/cooknation/fiamma/refs/heads/main/fiamma_price.pdf
NAU_CLASSICA_GW_PRO;NAU_CLASSICA_GW_PRO;FIAMMA;Coffee Espresso Machine;Single boiler. Rotary pump. 2L boiler. 3L tank. G&W edition.;Optional(charged): Cool touch steam wand, customised colours, 110V;337;mm;440;mm;375;mm;27;Kg;2650;;EUR;;instock;bar>coffee;bar, espresso, coffee;;;;simple;;Boiler technology;Single boiler heat exchanger;Extraction;Rotary pump;Steam boiler capacity (liters);2;;;;;;;active;https://raw.githubusercontent.com/cooknation/fiamma/refs/heads/main/fiamma_video_NAU_CLASSICA_GW_PRO.mp4;https://raw.githubusercontent.com/cooknation/fiamma/refs/heads/main/fiamma_image_NAU_CLASSICA_GW_PRO.jpg;https://raw.githubusercontent.com/cooknation/fiamma/refs/heads/main/fiamma_image_2_NAU_CLASSICA_GW_PRO.jpg;https://raw.githubusercontent.com/cooknation/fiamma/refs/heads/main/fiamma_image_3_NAU_CLASSICA_GW_PRO.jpg;https://raw.githubusercontent.com/cooknation/fiamma/refs/heads/main/fiamma_datasheet_NAU_CLASSICA_GW_PRO.pdf;https://raw.githubusercontent.com/cooknation/fiamma/refs/heads/main/fiamma_manual_NAU_CLASSICA_GW_PRO.pdf;https://raw.githubusercontent.com/cooknation/fiamma/refs/heads/main/fiamma_technicalmanual_NAU_CLASSICA_GW_PRO.pdf;https://raw.githubusercontent.com/cooknation/fiamma/refs/heads/main/fiamma_drawing_NAU_CLASSICA_GW_PRO.pdf;https://raw.githubusercontent.com/cooknation/fiamma/refs/heads/main/fiamma_catalogue_NAU_CLASSICA_GW_PRO.pdf;https://raw.githubusercontent.com/cooknation/fiamma/refs/heads/main/fiamma_photo_NAU_CLASSICA_GW_PRO.jpg;https://raw.githubusercontent.com/cooknation/fiamma/refs/heads/main/fiamma_card_NAU_CLASSICA_GW_PRO.pdf;https://raw.githubusercontent.com/cooknation/fiamma/refs/heads/main/fiamma_brandcatalogue.pdf;https://raw.githubusercontent.com/cooknation/fiamma/refs/heads/main/fiamma_price.pdf
NAU_CLASSICA_GW_PRO_DUAL;NAU_CLASSICA_GW_PRO_DUAL;FIAMMA;Coffee Espresso Machine;Dual boiler. Rotary pump. 1.2L steam + 0.8L coffee boiler. 3L tank. G&W edition.;Optional(charged): Cool touch steam wand, 360º knobs , customised colours, 110V;337;mm;440;mm;375;mm;26;Kg;2900;;EUR;;instock;bar>coffee;bar, espresso, coffee;;;;simple;;Boiler technology;Dual boiler;Extraction;Rotary pump;Steam boiler capacity (liters);1,2 (steam) + 0,8 (coffee) ;;;;;;;active;https://raw.githubusercontent.com/cooknation/fiamma/refs/heads/main/fiamma_video_NAU_CLASSICA_GW_PRO_DUAL.mp4;https://raw.githubusercontent.com/cooknation/fiamma/refs/heads/main/fiamma_image_NAU_CLASSICA_GW_PRO_DUAL.jpg;https://raw.githubusercontent.com/cooknation/fiamma/refs/heads/main/fiamma_image_2_NAU_CLASSICA_GW_PRO_DUAL.jpg;https://raw.githubusercontent.com/cooknation/fiamma/refs/heads/main/fiamma_image_3_NAU_CLASSICA_GW_PRO_DUAL.jpg;https://raw.githubusercontent.com/cooknation/fiamma/refs/heads/main/fiamma_datasheet_NAU_CLASSICA_GW_PRO_DUAL.pdf;https://raw.githubusercontent.com/cooknation/fiamma/refs/heads/main/fiamma_manual_NAU_CLASSICA_GW_PRO_DUAL.pdf;https://raw.githubusercontent.com/cooknation/fiamma/refs/heads/main/fiamma_technicalmanual_NAU_CLASSICA_GW_PRO_DUAL.pdf;https://raw.githubusercontent.com/cooknation/fiamma/refs/heads/main/fiamma_drawing_NAU_CLASSICA_GW_PRO_DUAL.pdf;https://raw.githubusercontent.com/cooknation/fiamma/refs/heads/main/fiamma_catalogue_NAU_CLASSICA_GW_PRO_DUAL.pdf;https://raw.githubusercontent.com/cooknation/fiamma/refs/heads/main/fiamma_photo_NAU_CLASSICA_GW_PRO_DUAL.jpg;https://raw.githubusercontent.com/cooknation/fiamma/refs/heads/main/fiamma_card_NAU_CLASSICA_GW_PRO_DUAL.pdf;https://raw.githubusercontent.com/cooknation/fiamma/refs/heads/main/fiamma_brandcatalogue.pdf;https://raw.githubusercontent.com/cooknation/fiamma/refs/heads/main/fiamma_price.pdf
NAU_CLASSICA_PRO;NAU_CLASSICA_PRO;FIAMMA;Coffee Espresso Machine;Single boiler. Rotary pump. 2L boiler. 3L tank.;Optional(charged): Cool touch steam wand, customised colours, 110V;337;mm;440;mm;375;mm;27;Kg;2550;;EUR;;instock;bar>coffee;bar, espresso, coffee;;;;simple;;Boiler technology;Single boiler heat exchanger;Extraction;Rotary pump;Steam boiler capacity (liters);2;;;;;;;active;https://raw.githubusercontent.com/cooknation/fiamma/refs/heads/main/fiamma_video_NAU_CLASSICA_PRO.mp4;https://raw.githubusercontent.com/cooknation/fiamma/refs/heads/main/fiamma_image_NAU_CLASSICA_PRO.jpg;https://raw.githubusercontent.com/cooknation/fiamma/refs/heads/main/fiamma_image_2_NAU_CLASSICA_PRO.jpg;https://raw.githubusercontent.com/cooknation/fiamma/refs/heads/main/fiamma_image_3_NAU_CLASSICA_PRO.jpg;https://raw.githubusercontent.com/cooknation/fiamma/refs/heads/main/fiamma_datasheet_NAU_CLASSICA_PRO.pdf;https://raw.githubusercontent.com/cooknation/fiamma/refs/heads/main/fiamma_manual_NAU_CLASSICA_PRO.pdf;https://raw.githubusercontent.com/cooknation/fiamma/refs/heads/main/fiamma_technicalmanual_NAU_CLASSICA_PRO.pdf;https://raw.githubusercontent.com/cooknation/fiamma/refs/heads/main/fiamma_drawing_NAU_CLASSICA_PRO.pdf;https://raw.githubusercontent.com/cooknation/fiamma/refs/heads/main/fiamma_catalogue_NAU_CLASSICA_PRO.pdf;https://raw.githubusercontent.com/cooknation/fiamma/refs/heads/main/fiamma_photo_NAU_CLASSICA_PRO.jpg;https://raw.githubusercontent.com/cooknation/fiamma/refs/heads/main/fiamma_card_NAU_CLASSICA_PRO.pdf;https://raw.githubusercontent.com/cooknation/fiamma/refs/heads/main/fiamma_brandcatalogue.pdf;https://raw.githubusercontent.com/cooknation/fiamma/refs/heads/main/fiamma_price.pdf
NAU_CLASSICA_PRO_DUAL;NAU_CLASSICA_PRO_DUAL;FIAMMA;Coffee Espresso Machine;Dual boiler. Rotary pump. 1.2L steam + 0.8L coffee boiler. 3L tank.;Optional(charged): Cool touch steam wand, 360º knobs , customised colours, 110V;337;mm;440;mm;375;mm;26;Kg;2800;;EUR;;instock;bar>coffee;bar, espresso, coffee;;;;simple;;Boiler technology;Dual boiler;Extraction;Rotary pump;Steam boiler capacity (liters);1,2 (steam) + 0,8 (coffee) ;;;;;;;active;https://raw.githubusercontent.com/cooknation/fiamma/refs/heads/main/fiamma_video_NAU_CLASSICA_PRO_DUAL.mp4;https://raw.githubusercontent.com/cooknation/fiamma/refs/heads/main/fiamma_image_NAU_CLASSICA_PRO_DUAL.jpg;https://raw.githubusercontent.com/cooknation/fiamma/refs/heads/main/fiamma_image_2_NAU_CLASSICA_PRO_DUAL.jpg;https://raw.githubusercontent.com/cooknation/fiamma/refs/heads/main/fiamma_image_3_NAU_CLASSICA_PRO_DUAL.jpg;https://raw.githubusercontent.com/cooknation/fiamma/refs/heads/main/fiamma_datasheet_NAU_CLASSICA_PRO_DUAL.pdf;https://raw.githubusercontent.com/cooknation/fiamma/refs/heads/main/fiamma_manual_NAU_CLASSICA_PRO_DUAL.pdf;https://raw.githubusercontent.com/cooknation/fiamma/refs/heads/main/fiamma_technicalmanual_NAU_CLASSICA_PRO_DUAL.pdf;https://raw.githubusercontent.com/cooknation/fiamma/refs/heads/main/fiamma_drawing_NAU_CLASSICA_PRO_DUAL.pdf;https://raw.githubusercontent.com/cooknation/fiamma/refs/heads/main/fiamma_catalogue_NAU_CLASSICA_PRO_DUAL.pdf;https://raw.githubusercontent.com/cooknation/fiamma/refs/heads/main/fiamma_photo_NAU_CLASSICA_PRO_DUAL.jpg;https://raw.githubusercontent.com/cooknation/fiamma/refs/heads/main/fiamma_card_NAU_CLASSICA_PRO_DUAL.pdf;https://raw.githubusercontent.com/cooknation/fiamma/refs/heads/main/fiamma_brandcatalogue.pdf;https://raw.githubusercontent.com/cooknation/fiamma/refs/heads/main/fiamma_price.pdf
NAU_JUST;NAU_JUST;FIAMMA;Coffee Espresso Machine;Dual boiler espresso machine with compact form, easy to operate and great for consistent espresso.;Optional(charged): Cool touch steam wand, customised colours, 110V;337;mm;440;mm;390;mm;21;Kg;2150;;EUR;;instock;bar>coffee;bar, espresso, coffee;;;;simple;;Boiler technology;Dual boiler;Extraction;Vibratory pump;Steam boiler capacity (liters);1.2 (steam) + 0,5 ( coffee);;;;;;;active;https://raw.githubusercontent.com/cooknation/fiamma/refs/heads/main/fiamma_video_NAU_JUST.mp4;https://raw.githubusercontent.com/cooknation/fiamma/refs/heads/main/fiamma_image_NAU_JUST.jpg;https://raw.githubusercontent.com/cooknation/fiamma/refs/heads/main/fiamma_image_2_NAU_JUST.jpg;https://raw.githubusercontent.com/cooknation/fiamma/refs/heads/main/fiamma_image_3_NAU_JUST.jpg;https://raw.githubusercontent.com/cooknation/fiamma/refs/heads/main/fiamma_datasheet_NAU_JUST.pdf;https://raw.githubusercontent.com/cooknation/fiamma/refs/heads/main/fiamma_manual_NAU_JUST.pdf;https://raw.githubusercontent.com/cooknation/fiamma/refs/heads/main/fiamma_technicalmanual_NAU_JUST.pdf;https://raw.githubusercontent.com/cooknation/fiamma/refs/heads/main/fiamma_drawing_NAU_JUST.pdf;https://raw.githubusercontent.com/cooknation/fiamma/refs/heads/main/fiamma_catalogue_NAU_JUST.pdf;https://raw.githubusercontent.com/cooknation/fiamma/refs/heads/main/fiamma_photo_NAU_JUST.jpg;https://raw.githubusercontent.com/cooknation/fiamma/refs/heads/main/fiamma_card_NAU_JUST.pdf;https://raw.githubusercontent.com/cooknation/fiamma/refs/heads/main/fiamma_brandcatalogue.pdf;https://raw.githubusercontent.com/cooknation/fiamma/refs/heads/main/fiamma_price.pdf
NAU_JUST_PRO;NAU_JUST_PRO;FIAMMA;Coffee Espresso Machine;Dual boiler. Rotary pump. 1.2L steam + 0.5L coffee boiler. 3L tank.;Optional(charged): Cool touch steam wand, customised colours, 110V;337;mm;440;mm;390;mm;22;Kg;2450;;EUR;;instock;bar>coffee;bar, espresso, coffee;;;;simple;;Boiler technology;Dual boiler;Extraction;Rotary pump;Steam boiler capacity (liters);1.2 (steam) + 0,5 ( coffee);;;;;;;active;https://raw.githubusercontent.com/cooknation/fiamma/refs/heads/main/fiamma_video_NAU_JUST_PRO.mp4;https://raw.githubusercontent.com/cooknation/fiamma/refs/heads/main/fiamma_image_NAU_JUST_PRO.jpg;https://raw.githubusercontent.com/cooknation/fiamma/refs/heads/main/fiamma_image_2_NAU_JUST_PRO.jpg;https://raw.githubusercontent.com/cooknation/fiamma/refs/heads/main/fiamma_image_3_NAU_JUST_PRO.jpg;https://raw.githubusercontent.com/cooknation/fiamma/refs/heads/main/fiamma_datasheet_NAU_JUST_PRO.pdf;https://raw.githubusercontent.com/cooknation/fiamma/refs/heads/main/fiamma_manual_NAU_JUST_PRO.pdf;https://raw.githubusercontent.com/cooknation/fiamma/refs/heads/main/fiamma_technicalmanual_NAU_JUST_PRO.pdf;https://raw.githubusercontent.com/cooknation/fiamma/refs/heads/main/fiamma_drawing_NAU_JUST_PRO.pdf;https://raw.githubusercontent.com/cooknation/fiamma/refs/heads/main/fiamma_catalogue_NAU_JUST_PRO.pdf;https://raw.githubusercontent.com/cooknation/fiamma/refs/heads/main/fiamma_photo_NAU_JUST_PRO.jpg;https://raw.githubusercontent.com/cooknation/fiamma/refs/heads/main/fiamma_card_NAU_JUST_PRO.pdf;https://raw.githubusercontent.com/cooknation/fiamma/refs/heads/main/fiamma_brandcatalogue.pdf;https://raw.githubusercontent.com/cooknation/fiamma/refs/heads/main/fiamma_price.pdf
QUADRANT_2_CV_TC_black;QUADRANT_2_CV_TC_black;FIAMMA;Coffee Espresso Machine;Two-group espresso machine with electronic portioning and heat exchanger boiler, reliable and robust.;Optional (charged): Cool touch steam wands, LED lighting work area ;750;mm;600;mm;595;mm;62;Kg;3765;;EUR;;instock;bar>coffee;bar, espresso, coffee;;;;simple;;Boiler technology;Single boiler with heat exchanger;Extraction;;Steam boiler capacity (liters);11;;;;;;;active;https://raw.githubusercontent.com/cooknation/fiamma/refs/heads/main/fiamma_video_QUADRANT_2_CV_TC.mp4;https://raw.githubusercontent.com/cooknation/fiamma/refs/heads/main/fiamma_image_QUADRANT_2_CV_TC_black.jpg;https://raw.githubusercontent.com/cooknation/fiamma/refs/heads/main/fiamma_image_2_QUADRANT_2_CV_TC_black.jpg;https://raw.githubusercontent.com/cooknation/fiamma/refs/heads/main/fiamma_image_3_QUADRANT_2_CV_TC_black.jpg;https://raw.githubusercontent.com/cooknation/fiamma/refs/heads/main/fiamma_datasheet_QUADRANT_2_CV_TC.pdf;https://raw.githubusercontent.com/cooknation/fiamma/refs/heads/main/fiamma_manual_QUADRANT_2_CV_TC.pdf;https://raw.githubusercontent.com/cooknation/fiamma/refs/heads/main/fiamma_technicalmanual_QUADRANT_2_CV_TC.pdf;https://raw.githubusercontent.com/cooknation/fiamma/refs/heads/main/fiamma_drawing_QUADRANT_2_CV_TC.pdf;https://raw.githubusercontent.com/cooknation/fiamma/refs/heads/main/fiamma_catalogue_QUADRANT_2_CV_TC.pdf;https://raw.githubusercontent.com/cooknation/fiamma/refs/heads/main/fiamma_photo_QUADRANT_2_CV_TC.jpg;https://raw.githubusercontent.com/cooknation/fiamma/refs/heads/main/fiamma_card_QUADRANT_2_CV_TC.pdf;https://raw.githubusercontent.com/cooknation/fiamma/refs/heads/main/fiamma_brandcatalogue.pdf;https://raw.githubusercontent.com/cooknation/fiamma/refs/heads/main/fiamma_price.pdf
QUADRANT_2_CV_TC_white;QUADRANT_2_CV_TC_white;FIAMMA;Coffee Espresso Machine;Two-group espresso machine with electronic portioning and heat exchanger boiler, reliable and robust.;Optional (charged): Cool touch steam wands, LED lighting work area ;750;mm;600;mm;595;mm;62;Kg;3765;;EUR;;instock;bar>coffee;bar, espresso, coffee;;;;simple;;Boiler technology;Single boiler with heat exchanger;Extraction;;Steam boiler capacity (liters);11;;;;;;;active;https://raw.githubusercontent.com/cooknation/fiamma/refs/heads/main/fiamma_video_QUADRANT_2_CV_TC.mp4;https://raw.githubusercontent.com/cooknation/fiamma/refs/heads/main/fiamma_image_QUADRANT_2_CV_TC_white.jpg;https://raw.githubusercontent.com/cooknation/fiamma/refs/heads/main/fiamma_image_2_QUADRANT_2_CV_TC_white.jpg;https://raw.githubusercontent.com/cooknation/fiamma/refs/heads/main/fiamma_image_3_QUADRANT_2_CV_TC_white.jpg;https://raw.githubusercontent.com/cooknation/fiamma/refs/heads/main/fiamma_datasheet_QUADRANT_2_CV_TC.pdf;https://raw.githubusercontent.com/cooknation/fiamma/refs/heads/main/fiamma_manual_QUADRANT_2_CV_TC.pdf;https://raw.githubusercontent.com/cooknation/fiamma/refs/heads/main/fiamma_technicalmanual_QUADRANT_2_CV_TC.pdf;https://raw.githubusercontent.com/cooknation/fiamma/refs/heads/main/fiamma_drawing_QUADRANT_2_CV_TC.pdf;https://raw.githubusercontent.com/cooknation/fiamma/refs/heads/main/fiamma_catalogue_QUADRANT_2_CV_TC.pdf;https://raw.githubusercontent.com/cooknation/fiamma/refs/heads/main/fiamma_photo_QUADRANT_2_CV_TC.jpg;https://raw.githubusercontent.com/cooknation/fiamma/refs/heads/main/fiamma_card_QUADRANT_2_CV_TC.pdf;https://raw.githubusercontent.com/cooknation/fiamma/refs/heads/main/fiamma_brandcatalogue.pdf;https://raw.githubusercontent.com/cooknation/fiamma/refs/heads/main/fiamma_price.pdf
QUADRANT_2_DSP_TC_black;QUADRANT_2_DSP_TC_black;FIAMMA;Coffee Espresso Machine;Digital version of the Quadrant with PID control and portioning, delivering consistency and control.;Optional (charged): Cool touch steam wands, LED lighting work area, water with temperature control (mixed) ;750;mm;600;mm;595;mm;62;Kg;4025;;EUR;;instock;bar>coffee;bar, espresso, coffee;;;;simple;;Boiler technology;Single boiler with heat exchanger;Extraction;;Steam boiler capacity (liters);11;;;;;;;active;https://raw.githubusercontent.com/cooknation/fiamma/refs/heads/main/fiamma_video_QUADRANT_2_DSP_TC.mp4;https://raw.githubusercontent.com/cooknation/fiamma/refs/heads/main/fiamma_image_QUADRANT_2_DSP_TC_black.jpg;https://raw.githubusercontent.com/cooknation/fiamma/refs/heads/main/fiamma_image_2_QUADRANT_2_DSP_TC_black.jpg;https://raw.githubusercontent.com/cooknation/fiamma/refs/heads/main/fiamma_image_3_QUADRANT_2_DSP_TC_black.jpg;https://raw.githubusercontent.com/cooknation/fiamma/refs/heads/main/fiamma_datasheet_QUADRANT_2_DSP_TC.pdf;https://raw.githubusercontent.com/cooknation/fiamma/refs/heads/main/fiamma_manual_QUADRANT_2_DSP_TC.pdf;https://raw.githubusercontent.com/cooknation/fiamma/refs/heads/main/fiamma_technicalmanual_QUADRANT_2_DSP_TC.pdf;https://raw.githubusercontent.com/cooknation/fiamma/refs/heads/main/fiamma_drawing_QUADRANT_2_DSP_TC.pdf;https://raw.githubusercontent.com/cooknation/fiamma/refs/heads/main/fiamma_catalogue_QUADRANT_2_DSP_TC.pdf;https://raw.githubusercontent.com/cooknation/fiamma/refs/heads/main/fiamma_photo_QUADRANT_2_DSP_TC.jpg;https://raw.githubusercontent.com/cooknation/fiamma/refs/heads/main/fiamma_card_QUADRANT_2_DSP_TC.pdf;https://raw.githubusercontent.com/cooknation/fiamma/refs/heads/main/fiamma_brandcatalogue.pdf;https://raw.githubusercontent.com/cooknation/fiamma/refs/heads/main/fiamma_price.pdf
QUADRANT_2_DSP_TC_white;QUADRANT_2_DSP_TC_white;FIAMMA;Coffee Espresso Machine;Digital version of the Quadrant with PID control and portioning, delivering consistency and control.;Optional (charged): Cool touch steam wands, LED lighting work area, water with temperature control (mixed) ;750;mm;600;mm;595;mm;62;Kg;4025;;EUR;;instock;bar>coffee;bar, espresso, coffee;;;;simple;;Boiler technology;Single boiler with heat exchanger;Extraction;;Steam boiler capacity (liters);11;;;;;;;active;https://raw.githubusercontent.com/cooknation/fiamma/refs/heads/main/fiamma_video_QUADRANT_2_DSP_TC.mp4;https://raw.githubusercontent.com/cooknation/fiamma/refs/heads/main/fiamma_image_QUADRANT_2_DSP_TC_white.jpg;https://raw.githubusercontent.com/cooknation/fiamma/refs/heads/main/fiamma_image_2_QUADRANT_2_DSP_TC_white.jpg;https://raw.githubusercontent.com/cooknation/fiamma/refs/heads/main/fiamma_image_3_QUADRANT_2_DSP_TC_white.jpg;https://raw.githubusercontent.com/cooknation/fiamma/refs/heads/main/fiamma_datasheet_QUADRANT_2_DSP_TC.pdf;https://raw.githubusercontent.com/cooknation/fiamma/refs/heads/main/fiamma_manual_QUADRANT_2_DSP_TC.pdf;https://raw.githubusercontent.com/cooknation/fiamma/refs/heads/main/fiamma_technicalmanual_QUADRANT_2_DSP_TC.pdf;https://raw.githubusercontent.com/cooknation/fiamma/refs/heads/main/fiamma_drawing_QUADRANT_2_DSP_TC.pdf;https://raw.githubusercontent.com/cooknation/fiamma/refs/heads/main/fiamma_catalogue_QUADRANT_2_DSP_TC.pdf;https://raw.githubusercontent.com/cooknation/fiamma/refs/heads/main/fiamma_photo_QUADRANT_2_DSP_TC.jpg;https://raw.githubusercontent.com/cooknation/fiamma/refs/heads/main/fiamma_card_QUADRANT_2_DSP_TC.pdf;https://raw.githubusercontent.com/cooknation/fiamma/refs/heads/main/fiamma_brandcatalogue.pdf;https://raw.githubusercontent.com/cooknation/fiamma/refs/heads/main/fiamma_price.pdf
QUADRANT_2_DSP_TC_BARISTA_black;QUADRANT_2_DSP_TC_BARISTA_black;FIAMMA;Coffee Espresso Machine;Barista edition with advanced controls, PID system, shot timers, and ergonomic design.;Optional (charged): Cool touch steam wands, LED lighting work area, water with temperature control (mixed) ;750;mm;600;mm;595;mm;62;Kg;4195;;EUR;;instock;bar>coffee;bar, espresso, coffee;;;;simple;;Boiler technology;Single boiler with heat exchanger;Extraction;;Steam boiler capacity (liters);11;;;;;;;active;https://raw.githubusercontent.com/cooknation/fiamma/refs/heads/main/fiamma_video_QUADRANT_2_DSP_TC_BARISTA.mp4;https://raw.githubusercontent.com/cooknation/fiamma/refs/heads/main/fiamma_image_QUADRANT_2_DSP_TC_BARISTA_black.jpg;https://raw.githubusercontent.com/cooknation/fiamma/refs/heads/main/fiamma_image_2_QUADRANT_2_DSP_TC_BARISTA_black.jpg;https://raw.githubusercontent.com/cooknation/fiamma/refs/heads/main/fiamma_image_3_QUADRANT_2_DSP_TC_BARISTA_black.jpg;https://raw.githubusercontent.com/cooknation/fiamma/refs/heads/main/fiamma_datasheet_QUADRANT_2_DSP_TC_BARISTA.pdf;https://raw.githubusercontent.com/cooknation/fiamma/refs/heads/main/fiamma_manual_QUADRANT_2_DSP_TC_BARISTA.pdf;https://raw.githubusercontent.com/cooknation/fiamma/refs/heads/main/fiamma_technicalmanual_QUADRANT_2_DSP_TC_BARISTA.pdf;https://raw.githubusercontent.com/cooknation/fiamma/refs/heads/main/fiamma_drawing_QUADRANT_2_DSP_TC_BARISTA.pdf;https://raw.githubusercontent.com/cooknation/fiamma/refs/heads/main/fiamma_catalogue_QUADRANT_2_DSP_TC_BARISTA.pdf;https://raw.githubusercontent.com/cooknation/fiamma/refs/heads/main/fiamma_photo_QUADRANT_2_DSP_TC_BARISTA.jpg;https://raw.githubusercontent.com/cooknation/fiamma/refs/heads/main/fiamma_card_QUADRANT_2_DSP_TC_BARISTA.pdf;https://raw.githubusercontent.com/cooknation/fiamma/refs/heads/main/fiamma_brandcatalogue.pdf;https://raw.githubusercontent.com/cooknation/fiamma/refs/heads/main/fiamma_price.pdf
QUADRANT_2_DSP_TC_BARISTA_white;QUADRANT_2_DSP_TC_BARISTA_white;FIAMMA;Coffee Espresso Machine;Barista edition with advanced controls, PID system, shot timers, and ergonomic design.;Optional (charged): Cool touch steam wands, LED lighting work area, water with temperature control (mixed) ;750;mm;600;mm;595;mm;62;Kg;4195;;EUR;;instock;bar>coffee;bar, espresso, coffee;;;;simple;;Boiler technology;Single boiler with heat exchanger;Extraction;;Steam boiler capacity (liters);11;;;;;;;active;https://raw.githubusercontent.com/cooknation/fiamma/refs/heads/main/fiamma_video_QUADRANT_2_DSP_TC_BARISTA.mp4;https://raw.githubusercontent.com/cooknation/fiamma/refs/heads/main/fiamma_image_QUADRANT_2_DSP_TC_BARISTA_white.jpg;https://raw.githubusercontent.com/cooknation/fiamma/refs/heads/main/fiamma_image_2_QUADRANT_2_DSP_TC_BARISTA_white.jpg;https://raw.githubusercontent.com/cooknation/fiamma/refs/heads/main/fiamma_image_3_QUADRANT_2_DSP_TC_BARISTA_white.jpg;https://raw.githubusercontent.com/cooknation/fiamma/refs/heads/main/fiamma_datasheet_QUADRANT_2_DSP_TC_BARISTA.pdf;https://raw.githubusercontent.com/cooknation/fiamma/refs/heads/main/fiamma_manual_QUADRANT_2_DSP_TC_BARISTA.pdf;https://raw.githubusercontent.com/cooknation/fiamma/refs/heads/main/fiamma_technicalmanual_QUADRANT_2_DSP_TC_BARISTA.pdf;https://raw.githubusercontent.com/cooknation/fiamma/refs/heads/main/fiamma_drawing_QUADRANT_2_DSP_TC_BARISTA.pdf;https://raw.githubusercontent.com/cooknation/fiamma/refs/heads/main/fiamma_catalogue_QUADRANT_2_DSP_TC_BARISTA.pdf;https://raw.githubusercontent.com/cooknation/fiamma/refs/heads/main/fiamma_photo_QUADRANT_2_DSP_TC_BARISTA.jpg;https://raw.githubusercontent.com/cooknation/fiamma/refs/heads/main/fiamma_card_QUADRANT_2_DSP_TC_BARISTA.pdf;https://raw.githubusercontent.com/cooknation/fiamma/refs/heads/main/fiamma_brandcatalogue.pdf;https://raw.githubusercontent.com/cooknation/fiamma/refs/heads/main/fiamma_price.pdf
QUADRANT_2_TC_black;QUADRANT_2_TC_black;FIAMMA;Coffee Espresso Machine;Traditional two-group espresso machine with semi-automatic controls and heat exchanger technology.;Optional (charged): Cool touch steam wands, LED lighting work area ;750;mm;600;mm;595;mm;62;Kg;3495;;EUR;;instock;bar>coffee;bar, espresso, coffee;;;;simple;;Boiler technology;Single boiler with heat exchanger;Extraction;;Steam boiler capacity (liters);11;;;;;;;active;https://raw.githubusercontent.com/cooknation/fiamma/refs/heads/main/fiamma_video_QUADRANT_2_TC.mp4;https://raw.githubusercontent.com/cooknation/fiamma/refs/heads/main/fiamma_image_QUADRANT_2_TC_black.jpg;https://raw.githubusercontent.com/cooknation/fiamma/refs/heads/main/fiamma_image_2_QUADRANT_2_TC_black.jpg;https://raw.githubusercontent.com/cooknation/fiamma/refs/heads/main/fiamma_image_3_QUADRANT_2_TC_black.jpg;https://raw.githubusercontent.com/cooknation/fiamma/refs/heads/main/fiamma_datasheet_QUADRANT_2_TC.pdf;https://raw.githubusercontent.com/cooknation/fiamma/refs/heads/main/fiamma_manual_QUADRANT_2_TC.pdf;https://raw.githubusercontent.com/cooknation/fiamma/refs/heads/main/fiamma_technicalmanual_QUADRANT_2_TC.pdf;https://raw.githubusercontent.com/cooknation/fiamma/refs/heads/main/fiamma_drawing_QUADRANT_2_TC.pdf;https://raw.githubusercontent.com/cooknation/fiamma/refs/heads/main/fiamma_catalogue_QUADRANT_2_TC.pdf;https://raw.githubusercontent.com/cooknation/fiamma/refs/heads/main/fiamma_photo_QUADRANT_2_TC.jpg;https://raw.githubusercontent.com/cooknation/fiamma/refs/heads/main/fiamma_card_QUADRANT_2_TC.pdf;https://raw.githubusercontent.com/cooknation/fiamma/refs/heads/main/fiamma_brandcatalogue.pdf;https://raw.githubusercontent.com/cooknation/fiamma/refs/heads/main/fiamma_price.pdf
QUADRANT_2_TC_white;QUADRANT_2_TC_white;FIAMMA;Coffee Espresso Machine;Traditional two-group espresso machine with semi-automatic controls and heat exchanger technology.;Optional (charged): Cool touch steam wands, LED lighting work area ;750;mm;600;mm;595;mm;62;Kg;3495;;EUR;;instock;bar>coffee;bar, espresso, coffee;;;;simple;;Boiler technology;Single boiler with heat exchanger;Extraction;;Steam boiler capacity (liters);11;;;;;;;active;https://raw.githubusercontent.com/cooknation/fiamma/refs/heads/main/fiamma_video_QUADRANT_2_TC.mp4;https://raw.githubusercontent.com/cooknation/fiamma/refs/heads/main/fiamma_image_QUADRANT_2_TC_white.jpg;https://raw.githubusercontent.com/cooknation/fiamma/refs/heads/main/fiamma_image_2_QUADRANT_2_TC_white.jpg;https://raw.githubusercontent.com/cooknation/fiamma/refs/heads/main/fiamma_image_3_QUADRANT_2_TC_white.jpg;https://raw.githubusercontent.com/cooknation/fiamma/refs/heads/main/fiamma_datasheet_QUADRANT_2_TC.pdf;https://raw.githubusercontent.com/cooknation/fiamma/refs/heads/main/fiamma_manual_QUADRANT_2_TC.pdf;https://raw.githubusercontent.com/cooknation/fiamma/refs/heads/main/fiamma_technicalmanual_QUADRANT_2_TC.pdf;https://raw.githubusercontent.com/cooknation/fiamma/refs/heads/main/fiamma_drawing_QUADRANT_2_TC.pdf;https://raw.githubusercontent.com/cooknation/fiamma/refs/heads/main/fiamma_catalogue_QUADRANT_2_TC.pdf;https://raw.githubusercontent.com/cooknation/fiamma/refs/heads/main/fiamma_photo_QUADRANT_2_TC.jpg;https://raw.githubusercontent.com/cooknation/fiamma/refs/heads/main/fiamma_card_QUADRANT_2_TC.pdf;https://raw.githubusercontent.com/cooknation/fiamma/refs/heads/main/fiamma_brandcatalogue.pdf;https://raw.githubusercontent.com/cooknation/fiamma/refs/heads/main/fiamma_price.pdf
QUADRANT_3_DSP_TC_black;QUADRANT_3_DSP_TC_black;FIAMMA;Coffee Espresso Machine;Three-group digital espresso machine with PID temperature control and consistent performance.;Optional (charged): Cool touch steam wands, LED lighting work area, water with temperature control (mixed) ;960;mm;600;mm;595;mm;79;Kg;4860;;EUR;;instock;bar>coffee;bar, espresso, coffee;;;;simple;;Boiler technology;Single boiler with heat exchanger;Extraction;;Steam boiler capacity (liters);18;;;;;;;active;https://raw.githubusercontent.com/cooknation/fiamma/refs/heads/main/fiamma_video_QUADRANT_3_DSP_TC.mp4;https://raw.githubusercontent.com/cooknation/fiamma/refs/heads/main/fiamma_image_QUADRANT_3_DSP_TC_black.jpg;https://raw.githubusercontent.com/cooknation/fiamma/refs/heads/main/fiamma_image_2_QUADRANT_3_DSP_TC_black.jpg;https://raw.githubusercontent.com/cooknation/fiamma/refs/heads/main/fiamma_image_3_QUADRANT_3_DSP_TC_black.jpg;https://raw.githubusercontent.com/cooknation/fiamma/refs/heads/main/fiamma_datasheet_QUADRANT_3_DSP_TC.pdf;https://raw.githubusercontent.com/cooknation/fiamma/refs/heads/main/fiamma_manual_QUADRANT_3_DSP_TC.pdf;https://raw.githubusercontent.com/cooknation/fiamma/refs/heads/main/fiamma_technicalmanual_QUADRANT_3_DSP_TC.pdf;https://raw.githubusercontent.com/cooknation/fiamma/refs/heads/main/fiamma_drawing_QUADRANT_3_DSP_TC.pdf;https://raw.githubusercontent.com/cooknation/fiamma/refs/heads/main/fiamma_catalogue_QUADRANT_3_DSP_TC.pdf;https://raw.githubusercontent.com/cooknation/fiamma/refs/heads/main/fiamma_photo_QUADRANT_3_DSP_TC.jpg;https://raw.githubusercontent.com/cooknation/fiamma/refs/heads/main/fiamma_card_QUADRANT_3_DSP_TC.pdf;https://raw.githubusercontent.com/cooknation/fiamma/refs/heads/main/fiamma_brandcatalogue.pdf;https://raw.githubusercontent.com/cooknation/fiamma/refs/heads/main/fiamma_price.pdf
QUADRANT_3_DSP_TC_white;QUADRANT_3_DSP_TC_white;FIAMMA;Coffee Espresso Machine;Three-group digital espresso machine with PID temperature control and consistent performance.;Optional (charged): Cool touch steam wands, LED lighting work area, water with temperature control (mixed) ;960;mm;600;mm;595;mm;79;Kg;4860;;EUR;;instock;bar>coffee;bar, espresso, coffee;;;;simple;;Boiler technology;Single boiler with heat exchanger;Extraction;;Steam boiler capacity (liters);18;;;;;;;active;https://raw.githubusercontent.com/cooknation/fiamma/refs/heads/main/fiamma_video_QUADRANT_3_DSP_TC.mp4;https://raw.githubusercontent.com/cooknation/fiamma/refs/heads/main/fiamma_image_QUADRANT_3_DSP_TC._white.jpg;https://raw.githubusercontent.com/cooknation/fiamma/refs/heads/main/fiamma_image_2_QUADRANT_3_DSP_TC._white.jpg;https://raw.githubusercontent.com/cooknation/fiamma/refs/heads/main/fiamma_image_3_QUADRANT_3_DSP_TC._white.jpg;https://raw.githubusercontent.com/cooknation/fiamma/refs/heads/main/fiamma_datasheet_QUADRANT_3_DSP_TC.pdf;https://raw.githubusercontent.com/cooknation/fiamma/refs/heads/main/fiamma_manual_QUADRANT_3_DSP_TC.pdf;https://raw.githubusercontent.com/cooknation/fiamma/refs/heads/main/fiamma_technicalmanual_QUADRANT_3_DSP_TC.pdf;https://raw.githubusercontent.com/cooknation/fiamma/refs/heads/main/fiamma_drawing_QUADRANT_3_DSP_TC.pdf;https://raw.githubusercontent.com/cooknation/fiamma/refs/heads/main/fiamma_catalogue_QUADRANT_3_DSP_TC.pdf;https://raw.githubusercontent.com/cooknation/fiamma/refs/heads/main/fiamma_photo_QUADRANT_3_DSP_TC.jpg;https://raw.githubusercontent.com/cooknation/fiamma/refs/heads/main/fiamma_card_QUADRANT_3_DSP_TC.pdf;https://raw.githubusercontent.com/cooknation/fiamma/refs/heads/main/fiamma_brandcatalogue.pdf;https://raw.githubusercontent.com/cooknation/fiamma/refs/heads/main/fiamma_price.pdf
QUADRANT_3_DSP_TC_BARISTA_black;QUADRANT_3_DSP_TC_BARISTA_black;FIAMMA;Coffee Espresso Machine;Barista edition three-group espresso machine with full digital control and ergonomic features.;Optional (charged): Cool touch steam wands, LED lighting work area, water with temperature control (mixed) ;960;mm;600;mm;595;mm;79;Kg;4995;;EUR;;instock;bar>coffee;bar, espresso, coffee;;;;simple;;Boiler technology;Single boiler with heat exchanger;Extraction;;Steam boiler capacity (liters);18;;;;;;;active;https://raw.githubusercontent.com/cooknation/fiamma/refs/heads/main/fiamma_video_QUADRANT_3_DSP_TC_BARISTA.mp4;https://raw.githubusercontent.com/cooknation/fiamma/refs/heads/main/fiamma_image_QUADRANT_3_DSP_TC_BARISTA_black.jpg;https://raw.githubusercontent.com/cooknation/fiamma/refs/heads/main/fiamma_image_2_QUADRANT_3_DSP_TC_BARISTA_black.jpg;https://raw.githubusercontent.com/cooknation/fiamma/refs/heads/main/fiamma_image_3_QUADRANT_3_DSP_TC_BARISTA_black.jpg;https://raw.githubusercontent.com/cooknation/fiamma/refs/heads/main/fiamma_datasheet_QUADRANT_3_DSP_TC_BARISTA.pdf;https://raw.githubusercontent.com/cooknation/fiamma/refs/heads/main/fiamma_manual_QUADRANT_3_DSP_TC_BARISTA.pdf;https://raw.githubusercontent.com/cooknation/fiamma/refs/heads/main/fiamma_technicalmanual_QUADRANT_3_DSP_TC_BARISTA.pdf;https://raw.githubusercontent.com/cooknation/fiamma/refs/heads/main/fiamma_drawing_QUADRANT_3_DSP_TC_BARISTA.pdf;https://raw.githubusercontent.com/cooknation/fiamma/refs/heads/main/fiamma_catalogue_QUADRANT_3_DSP_TC_BARISTA.pdf;https://raw.githubusercontent.com/cooknation/fiamma/refs/heads/main/fiamma_photo_QUADRANT_3_DSP_TC_BARISTA.jpg;https://raw.githubusercontent.com/cooknation/fiamma/refs/heads/main/fiamma_card_QUADRANT_3_DSP_TC_BARISTA.pdf;https://raw.githubusercontent.com/cooknation/fiamma/refs/heads/main/fiamma_brandcatalogue.pdf;https://raw.githubusercontent.com/cooknation/fiamma/refs/heads/main/fiamma_price.pdf
QUADRANT_3_DSP_TC_BARISTA_white;QUADRANT_3_DSP_TC_BARISTA_white;FIAMMA;Coffee Espresso Machine;Barista edition three-group espresso machine with full digital control and ergonomic features.;Optional (charged): Cool touch steam wands, LED lighting work area, water with temperature control (mixed) ;960;mm;600;mm;595;mm;79;Kg;4995;;EUR;;instock;bar>coffee;bar, espresso, coffee;;;;simple;;Boiler technology;Single boiler with heat exchanger;Extraction;;Steam boiler capacity (liters);18;;;;;;;active;https://raw.githubusercontent.com/cooknation/fiamma/refs/heads/main/fiamma_video_QUADRANT_3_DSP_TC_BARISTA.mp4;https://raw.githubusercontent.com/cooknation/fiamma/refs/heads/main/fiamma_image_QUADRANT_3_DSP_TC_BARISTA_white.jpg;https://raw.githubusercontent.com/cooknation/fiamma/refs/heads/main/fiamma_image_2_QUADRANT_3_DSP_TC_BARISTA_white.jpg;https://raw.githubusercontent.com/cooknation/fiamma/refs/heads/main/fiamma_image_3_QUADRANT_3_DSP_TC_BARISTA_white.jpg;https://raw.githubusercontent.com/cooknation/fiamma/refs/heads/main/fiamma_datasheet_QUADRANT_3_DSP_TC_BARISTA.pdf;https://raw.githubusercontent.com/cooknation/fiamma/refs/heads/main/fiamma_manual_QUADRANT_3_DSP_TC_BARISTA.pdf;https://raw.githubusercontent.com/cooknation/fiamma/refs/heads/main/fiamma_technicalmanual_QUADRANT_3_DSP_TC_BARISTA.pdf;https://raw.githubusercontent.com/cooknation/fiamma/refs/heads/main/fiamma_drawing_QUADRANT_3_DSP_TC_BARISTA.pdf;https://raw.githubusercontent.com/cooknation/fiamma/refs/heads/main/fiamma_catalogue_QUADRANT_3_DSP_TC_BARISTA.pdf;https://raw.githubusercontent.com/cooknation/fiamma/refs/heads/main/fiamma_photo_QUADRANT_3_DSP_TC_BARISTA.jpg;https://raw.githubusercontent.com/cooknation/fiamma/refs/heads/main/fiamma_card_QUADRANT_3_DSP_TC_BARISTA.pdf;https://raw.githubusercontent.com/cooknation/fiamma/refs/heads/main/fiamma_brandcatalogue.pdf;https://raw.githubusercontent.com/cooknation/fiamma/refs/heads/main/fiamma_price.pdf
QUADRANT_3_TC_black;QUADRANT_3_TC_black;FIAMMA;Coffee Espresso Machine;Traditional three-group espresso machine, semi-automatic with heat exchanger for volume output.;Optional (charged): Cool touch steam wands, LED lighting work area ;960;mm;600;mm;595;mm;79;Kg;4195;;EUR;;instock;bar>coffee;bar, espresso, coffee;;;;simple;;Boiler technology;Single boiler with heat exchanger;Extraction;;Steam boiler capacity (liters);18;;;;;;;active;https://raw.githubusercontent.com/cooknation/fiamma/refs/heads/main/fiamma_video_QUADRANT_3_TC.mp4;https://raw.githubusercontent.com/cooknation/fiamma/refs/heads/main/fiamma_image_QUADRANT_3_TC_black.jpg;https://raw.githubusercontent.com/cooknation/fiamma/refs/heads/main/fiamma_image_2_QUADRANT_3_TC_black.jpg;https://raw.githubusercontent.com/cooknation/fiamma/refs/heads/main/fiamma_image_3_QUADRANT_3_TC_black.jpg;https://raw.githubusercontent.com/cooknation/fiamma/refs/heads/main/fiamma_datasheet_QUADRANT_3_TC.pdf;https://raw.githubusercontent.com/cooknation/fiamma/refs/heads/main/fiamma_manual_QUADRANT_3_TC.pdf;https://raw.githubusercontent.com/cooknation/fiamma/refs/heads/main/fiamma_technicalmanual_QUADRANT_3_TC.pdf;https://raw.githubusercontent.com/cooknation/fiamma/refs/heads/main/fiamma_drawing_QUADRANT_3_TC.pdf;https://raw.githubusercontent.com/cooknation/fiamma/refs/heads/main/fiamma_catalogue_QUADRANT_3_TC.pdf;https://raw.githubusercontent.com/cooknation/fiamma/refs/heads/main/fiamma_photo_QUADRANT_3_TC.jpg;https://raw.githubusercontent.com/cooknation/fiamma/refs/heads/main/fiamma_card_QUADRANT_3_TC.pdf;https://raw.githubusercontent.com/cooknation/fiamma/refs/heads/main/fiamma_brandcatalogue.pdf;https://raw.githubusercontent.com/cooknation/fiamma/refs/heads/main/fiamma_price.pdf
QUADRANT_3_TC_white;QUADRANT_3_TC_white;FIAMMA;Coffee Espresso Machine;Traditional three-group espresso machine, semi-automatic with heat exchanger for volume output.;Optional (charged): Cool touch steam wands, LED lighting work area ;960;mm;600;mm;595;mm;79;Kg;4195;;EUR;;instock;bar>coffee;bar, espresso, coffee;;;;simple;;Boiler technology;Single boiler with heat exchanger;Extraction;;Steam boiler capacity (liters);18;;;;;;;active;https://raw.githubusercontent.com/cooknation/fiamma/refs/heads/main/fiamma_video_QUADRANT_3_TC.mp4;https://raw.githubusercontent.com/cooknation/fiamma/refs/heads/main/fiamma_image_QUADRANT_3_TC_white.jpg;https://raw.githubusercontent.com/cooknation/fiamma/refs/heads/main/fiamma_image_2_QUADRANT_3_TC_white.jpg;https://raw.githubusercontent.com/cooknation/fiamma/refs/heads/main/fiamma_image_3_QUADRANT_3_TC_white.jpg;https://raw.githubusercontent.com/cooknation/fiamma/refs/heads/main/fiamma_datasheet_QUADRANT_3_TC.pdf;https://raw.githubusercontent.com/cooknation/fiamma/refs/heads/main/fiamma_manual_QUADRANT_3_TC.pdf;https://raw.githubusercontent.com/cooknation/fiamma/refs/heads/main/fiamma_technicalmanual_QUADRANT_3_TC.pdf;https://raw.githubusercontent.com/cooknation/fiamma/refs/heads/main/fiamma_drawing_QUADRANT_3_TC.pdf;https://raw.githubusercontent.com/cooknation/fiamma/refs/heads/main/fiamma_catalogue_QUADRANT_3_TC.pdf;https://raw.githubusercontent.com/cooknation/fiamma/refs/heads/main/fiamma_photo_QUADRANT_3_TC.jpg;https://raw.githubusercontent.com/cooknation/fiamma/refs/heads/main/fiamma_card_QUADRANT_3_TC.pdf;https://raw.githubusercontent.com/cooknation/fiamma/refs/heads/main/fiamma_brandcatalogue.pdf;https://raw.githubusercontent.com/cooknation/fiamma/refs/heads/main/fiamma_price.pdf
VELA_2_DUAL_TC_black;VELA_2_DUAL_TC_black;FIAMMA;Coffee Espresso Machine;Dual boiler espresso machine with 2 groups, featuring high thermal stability and ergonomic layout.;Optional: small cups ( low groups) (free of charge), 360º knobs, water with temperature control - mixed (charged). Customisation (charged): front panel - work area, back panel, side panels, steam knobs, steam knob frame, portafilter handle top, group cover, cup warmer rim;800;mm;534;mm;517;mm;63;Kg;6350;;EUR;;instock;bar>coffee;bar, espresso, coffee;;;;simple;;Boiler technology;Dual boiler;Extraction;Built in rotary pump;Steam boiler capacity (liters);10,5;;;;;;;active;https://raw.githubusercontent.com/cooknation/fiamma/refs/heads/main/fiamma_video_VELA_2_DUAL_TC.mp4;https://raw.githubusercontent.com/cooknation/fiamma/refs/heads/main/fiamma_image_VELA_2_DUAL_TC_black.jpg;https://raw.githubusercontent.com/cooknation/fiamma/refs/heads/main/fiamma_image_2_VELA_2_DUAL_TC_black.jpg;https://raw.githubusercontent.com/cooknation/fiamma/refs/heads/main/fiamma_image_3_VELA_2_DUAL_TC_black.jpg;https://raw.githubusercontent.com/cooknation/fiamma/refs/heads/main/fiamma_datasheet_VELA_2_DUAL_TC.pdf;https://raw.githubusercontent.com/cooknation/fiamma/refs/heads/main/fiamma_manual_VELA_2_DUAL_TC.pdf;https://raw.githubusercontent.com/cooknation/fiamma/refs/heads/main/fiamma_technicalmanual_VELA_2_DUAL_TC.pdf;https://raw.githubusercontent.com/cooknation/fiamma/refs/heads/main/fiamma_drawing_VELA_2_DUAL_TC.pdf;https://raw.githubusercontent.com/cooknation/fiamma/refs/heads/main/fiamma_catalogue_VELA_2_DUAL_TC.pdf;https://raw.githubusercontent.com/cooknation/fiamma/refs/heads/main/fiamma_photo_VELA_2_DUAL_TC.jpg;https://raw.githubusercontent.com/cooknation/fiamma/refs/heads/main/fiamma_card_VELA_2_DUAL_TC.pdf;https://raw.githubusercontent.com/cooknation/fiamma/refs/heads/main/fiamma_brandcatalogue.pdf;https://raw.githubusercontent.com/cooknation/fiamma/refs/heads/main/fiamma_price.pdf
VELA_2_DUAL_TC_white;VELA_2_DUAL_TC_white;FIAMMA;Coffee Espresso Machine;Dual boiler espresso machine with 2 groups, featuring high thermal stability and ergonomic layout.;Optional: small cups ( low groups) (free of charge), 360º knobs, water with temperature control - mixed (charged). Customisation (charged): front panel - work area, back panel, side panels, steam knobs, steam knob frame, portafilter handle top, group cover, cup warmer rim;800;mm;534;mm;517;mm;63;Kg;7950;;EUR;;instock;bar>coffee;bar, espresso, coffee;;;;simple;;Boiler technology;Dual boiler;Extraction;Built in rotary pump;Steam boiler capacity (liters);10,5;;;;;;;active;https://raw.githubusercontent.com/cooknation/fiamma/refs/heads/main/fiamma_video_VELA_2_DUAL_TC.mp4;https://raw.githubusercontent.com/cooknation/fiamma/refs/heads/main/fiamma_image_VELA_2_DUAL_TC_white.jpg;https://raw.githubusercontent.com/cooknation/fiamma/refs/heads/main/fiamma_image_2_VELA_2_DUAL_TC_white.jpg;https://raw.githubusercontent.com/cooknation/fiamma/refs/heads/main/fiamma_image_3_VELA_2_DUAL_TC_white.jpg;https://raw.githubusercontent.com/cooknation/fiamma/refs/heads/main/fiamma_datasheet_VELA_2_DUAL_TC.pdf;https://raw.githubusercontent.com/cooknation/fiamma/refs/heads/main/fiamma_manual_VELA_2_DUAL_TC.pdf;https://raw.githubusercontent.com/cooknation/fiamma/refs/heads/main/fiamma_technicalmanual_VELA_2_DUAL_TC.pdf;https://raw.githubusercontent.com/cooknation/fiamma/refs/heads/main/fiamma_drawing_VELA_2_DUAL_TC.pdf;https://raw.githubusercontent.com/cooknation/fiamma/refs/heads/main/fiamma_catalogue_VELA_2_DUAL_TC.pdf;https://raw.githubusercontent.com/cooknation/fiamma/refs/heads/main/fiamma_photo_VELA_2_DUAL_TC.jpg;https://raw.githubusercontent.com/cooknation/fiamma/refs/heads/main/fiamma_card_VELA_2_DUAL_TC.pdf;https://raw.githubusercontent.com/cooknation/fiamma/refs/heads/main/fiamma_brandcatalogue.pdf;https://raw.githubusercontent.com/cooknation/fiamma/refs/heads/main/fiamma_price.pdf
VELA_3_DUAL_TC_black;VELA_3_DUAL_TC_black;FIAMMA;Coffee Espresso Machine;Three-group dual boiler espresso machine built for performance and consistency.;Optional: small cups ( low groups) (free of charge), 360º knobs, water with temperature control - mixed (charged). Customisation (charged): front panel - work area, back panel, side panels, steam knobs, steam knob frame, portafilter handle top, group cover, cup warmer rim;1010;mm;534;mm;517;mm;80;Kg;7550;;EUR;;instock;bar>coffee;bar, espresso, coffee;;;;simple;;Boiler technology;Dual boiler;Extraction;Built in rotary pump;Steam boiler capacity (liters);18;;;;;;;active;https://raw.githubusercontent.com/cooknation/fiamma/refs/heads/main/fiamma_video_VELA_3_DUAL_TC.mp4;https://raw.githubusercontent.com/cooknation/fiamma/refs/heads/main/fiamma_image_VELA_3_DUAL_TC_black.jpg;https://raw.githubusercontent.com/cooknation/fiamma/refs/heads/main/fiamma_image_2_VELA_3_DUAL_TC_black.jpg;https://raw.githubusercontent.com/cooknation/fiamma/refs/heads/main/fiamma_image_3_VELA_3_DUAL_TC_black.jpg;https://raw.githubusercontent.com/cooknation/fiamma/refs/heads/main/fiamma_datasheet_VELA_3_DUAL_TC.pdf;https://raw.githubusercontent.com/cooknation/fiamma/refs/heads/main/fiamma_manual_VELA_3_DUAL_TC.pdf;https://raw.githubusercontent.com/cooknation/fiamma/refs/heads/main/fiamma_technicalmanual_VELA_3_DUAL_TC.pdf;https://raw.githubusercontent.com/cooknation/fiamma/refs/heads/main/fiamma_drawing_VELA_3_DUAL_TC.pdf;https://raw.githubusercontent.com/cooknation/fiamma/refs/heads/main/fiamma_catalogue_VELA_3_DUAL_TC.pdf;https://raw.githubusercontent.com/cooknation/fiamma/refs/heads/main/fiamma_photo_VELA_3_DUAL_TC.jpg;https://raw.githubusercontent.com/cooknation/fiamma/refs/heads/main/fiamma_card_VELA_3_DUAL_TC.pdf;https://raw.githubusercontent.com/cooknation/fiamma/refs/heads/main/fiamma_brandcatalogue.pdf;https://raw.githubusercontent.com/cooknation/fiamma/refs/heads/main/fiamma_price.pdf
VELA_3_DUAL_TC_white;VELA_3_DUAL_TC_white;FIAMMA;Coffee Espresso Machine;Three-group dual boiler espresso machine built for performance and consistency.;Optional: small cups ( low groups) (free of charge), 360º knobs, water with temperature control - mixed (charged). Customisation (charged): front panel - work area, back panel, side panels, steam knobs, steam knob frame, portafilter handle top, group cover, cup warmer rim;1010;mm;534;mm;517;mm;80;Kg;6750;;EUR;;instock;bar>coffee;bar, espresso, coffee;;;;simple;;Boiler technology;Dual boiler;Extraction;Built in rotary pump;Steam boiler capacity (liters);18;;;;;;;active;https://raw.githubusercontent.com/cooknation/fiamma/refs/heads/main/fiamma_video_VELA_3_DUAL_TC.mp4;https://raw.githubusercontent.com/cooknation/fiamma/refs/heads/main/fiamma_image_VELA_3_DUAL_TC_white.jpg;https://raw.githubusercontent.com/cooknation/fiamma/refs/heads/main/fiamma_image_2_VELA_3_DUAL_TC_white.jpg;https://raw.githubusercontent.com/cooknation/fiamma/refs/heads/main/fiamma_image_3_VELA_3_DUAL_TC_white.jpg;https://raw.githubusercontent.com/cooknation/fiamma/refs/heads/main/fiamma_datasheet_VELA_3_DUAL_TC.pdf;https://raw.githubusercontent.com/cooknation/fiamma/refs/heads/main/fiamma_manual_VELA_3_DUAL_TC.pdf;https://raw.githubusercontent.com/cooknation/fiamma/refs/heads/main/fiamma_technicalmanual_VELA_3_DUAL_TC.pdf;https://raw.githubusercontent.com/cooknation/fiamma/refs/heads/main/fiamma_drawing_VELA_3_DUAL_TC.pdf;https://raw.githubusercontent.com/cooknation/fiamma/refs/heads/main/fiamma_catalogue_VELA_3_DUAL_TC.pdf;https://raw.githubusercontent.com/cooknation/fiamma/refs/heads/main/fiamma_photo_VELA_3_DUAL_TC.jpg;https://raw.githubusercontent.com/cooknation/fiamma/refs/heads/main/fiamma_card_VELA_3_DUAL_TC.pdf;https://raw.githubusercontent.com/cooknation/fiamma/refs/heads/main/fiamma_brandcatalogue.pdf;https://raw.githubusercontent.com/cooknation/fiamma/refs/heads/main/fiamma_price.pdf
VELA_9BAR;VELA_9BAR;FIAMMA;Coffee Espresso Machine;Classic single-group espresso machine with traditional 9 bar extraction and cool-touch steam wand.;Optional (charged): 360º knobs. Customisation (charged): front panel-work area, back panel, side panels, steam knobs, steam knobs frame, portafilter handle top, group cover, cup warmer rim;396;mm;535;mm;495;mm;39;Kg;4395;;EUR;;instock;bar>coffee;bar, espresso, coffee;;;;simple;;Boiler technology;Dual boiler;Extraction;Built in rotary pump;Steam boiler capacity (liters);4;;;;;;;active;https://raw.githubusercontent.com/cooknation/fiamma/refs/heads/main/fiamma_video_VELA_9BAR.mp4;https://raw.githubusercontent.com/cooknation/fiamma/refs/heads/main/fiamma_image_VELA_9BAR.jpg;https://raw.githubusercontent.com/cooknation/fiamma/refs/heads/main/fiamma_image_2_VELA_9BAR.jpg;https://raw.githubusercontent.com/cooknation/fiamma/refs/heads/main/fiamma_image_3_VELA_9BAR.jpg;https://raw.githubusercontent.com/cooknation/fiamma/refs/heads/main/fiamma_datasheet_VELA_9BAR.pdf;https://raw.githubusercontent.com/cooknation/fiamma/refs/heads/main/fiamma_manual_VELA_9BAR.pdf;https://raw.githubusercontent.com/cooknation/fiamma/refs/heads/main/fiamma_technicalmanual_VELA_9BAR.pdf;https://raw.githubusercontent.com/cooknation/fiamma/refs/heads/main/fiamma_drawing_VELA_9BAR.pdf;https://raw.githubusercontent.com/cooknation/fiamma/refs/heads/main/fiamma_catalogue_VELA_9BAR.pdf;https://raw.githubusercontent.com/cooknation/fiamma/refs/heads/main/fiamma_photo_VELA_9BAR.jpg;https://raw.githubusercontent.com/cooknation/fiamma/refs/heads/main/fiamma_card_VELA_9BAR.pdf;https://raw.githubusercontent.com/cooknation/fiamma/refs/heads/main/fiamma_brandcatalogue.pdf;https://raw.githubusercontent.com/cooknation/fiamma/refs/heads/main/fiamma_price.pdf
VELA_CLASSICA;VELA_CLASSICA;FIAMMA;Coffee Espresso Machine;Elegant and robust single-group espresso machine with heat exchanger, perfect for traditional espresso.;Optional (charged): 360º knobs. Customisation (charged): front panel-work area, back panel, side panels, steam knobs, steam knobs frame, portafilter handle top, group cover, cup warmer rim;396;mm;535;mm;495;mm;35;Kg;3895;;EUR;;instock;bar>coffee;bar, espresso, coffee;;;;simple;;Boiler technology;Single boiler with heat exchanger;Extraction;Built in rotary pump;Steam boiler capacity (liters);3;;;;;;;active;https://raw.githubusercontent.com/cooknation/fiamma/refs/heads/main/fiamma_video_VELA_CLASSICA.mp4;https://raw.githubusercontent.com/cooknation/fiamma/refs/heads/main/fiamma_image_VELA_CLASSICA.jpg;https://raw.githubusercontent.com/cooknation/fiamma/refs/heads/main/fiamma_image_2_VELA_CLASSICA.jpg;https://raw.githubusercontent.com/cooknation/fiamma/refs/heads/main/fiamma_image_3_VELA_CLASSICA.jpg;https://raw.githubusercontent.com/cooknation/fiamma/refs/heads/main/fiamma_datasheet_VELA_CLASSICA.pdf;https://raw.githubusercontent.com/cooknation/fiamma/refs/heads/main/fiamma_manual_VELA_CLASSICA.pdf;https://raw.githubusercontent.com/cooknation/fiamma/refs/heads/main/fiamma_technicalmanual_VELA_CLASSICA.pdf;https://raw.githubusercontent.com/cooknation/fiamma/refs/heads/main/fiamma_drawing_VELA_CLASSICA.pdf;https://raw.githubusercontent.com/cooknation/fiamma/refs/heads/main/fiamma_catalogue_VELA_CLASSICA.pdf;https://raw.githubusercontent.com/cooknation/fiamma/refs/heads/main/fiamma_photo_VELA_CLASSICA.jpg;https://raw.githubusercontent.com/cooknation/fiamma/refs/heads/main/fiamma_card_VELA_CLASSICA.pdf;https://raw.githubusercontent.com/cooknation/fiamma/refs/heads/main/fiamma_brandcatalogue.pdf;https://raw.githubusercontent.com/cooknation/fiamma/refs/heads/main/fiamma_price.pdf
VELA_PPROFILE;VELA_PPROFILE;FIAMMA;Coffee Espresso Machine;Single-group multiboiler espresso machine with pressure profiling and advanced control interface.;Optional (charged): 360º knobs. Customisation (charged): front panel-work area, back panel, side panels, steam knobs, steam knobs frame, e-lever, e-lever knob,  portafilter handle top, group cover, cup warmer rim;396;mm;535;mm;495;mm;39;Kg;5995;;EUR;;instock;bar>coffee;bar, espresso, coffee;;;;simple;;Boiler technology;Dual boiler;Extraction;Variable pressure independent pump;Steam boiler capacity (liters);4;;;;;;;active;https://raw.githubusercontent.com/cooknation/fiamma/refs/heads/main/fiamma_video_VELA_PPROFILE.mp4;https://raw.githubusercontent.com/cooknation/fiamma/refs/heads/main/fiamma_image_VELA_PPROFILE.jpg;https://raw.githubusercontent.com/cooknation/fiamma/refs/heads/main/fiamma_image_2_VELA_PPROFILE.jpg;https://raw.githubusercontent.com/cooknation/fiamma/refs/heads/main/fiamma_image_3_VELA_PPROFILE.jpg;https://raw.githubusercontent.com/cooknation/fiamma/refs/heads/main/fiamma_datasheet_VELA_PPROFILE.pdf;https://raw.githubusercontent.com/cooknation/fiamma/refs/heads/main/fiamma_manual_VELA_PPROFILE.pdf;https://raw.githubusercontent.com/cooknation/fiamma/refs/heads/main/fiamma_technicalmanual_VELA_PPROFILE.pdf;https://raw.githubusercontent.com/cooknation/fiamma/refs/heads/main/fiamma_drawing_VELA_PPROFILE.pdf;https://raw.githubusercontent.com/cooknation/fiamma/refs/heads/main/fiamma_catalogue_VELA_PPROFILE.pdf;https://raw.githubusercontent.com/cooknation/fiamma/refs/heads/main/fiamma_photo_VELA_PPROFILE.jpg;https://raw.githubusercontent.com/cooknation/fiamma/refs/heads/main/fiamma_card_VELA_PPROFILE.pdf;https://raw.githubusercontent.com/cooknation/fiamma/refs/heads/main/fiamma_brandcatalogue.pdf;https://raw.githubusercontent.com/cooknation/fiamma/refs/heads/main/fiamma_price.pdf